Title,Takeaway,Authors,Year,Citations,Abstract,Study Type,Journal,Journal SJR Quartile,DOI,Consensus Link
"Antianemic activity of polyherbal formulation, Raktavardhak Kadha, against phenylhydrazine-induced anemia in rats","Raktavardhak Kadha (RK) shows antianemic activity in rats, likely due to its iron content and ability to prevent hemolysis.","P. A. Sheth, A. Pawar, C. Mote, Chandrakant More",2021,34,"","non-randomized experimental study","Journal of Ayurveda and Integrative Medicine","2","10.1016/j.jaim.2021.02.009","https://consensus.app/papers/antianemic-activity-of-polyherbal-formulation-sheth-pawar/c9e3b2b2cbdc591497f0b44b800ce2ec/"
"Hematopoietic effect of echinochrome on phenylhydrazine-induced hemolytic anemia in rats","Echinochrome, found in sea urchin shells and spines, effectively treats phenylhydrazine-induced hemolytic anemia in rats by increasing blood cell counts and reducing inflammation.","Mona S. E. F. El-Shehry, Rafa A. Amrymi, T. Atia, B. M. M. Lotfy, Salma H A Ahmed, S. A. Qutb, S. B. Ali, A. S. Mohamed, M. R. Mousa, A. Damanhory, Mostafa E. Metawee, Hader I. Sakr",2023,7,"Background: Hemolytic anemia (HA) is a serious health condition resulting from reduced erythrocytes' average life span. Echinochrome (Ech) is a dark-red pigment found in shells and spines of sea urchins.

Aim: Studying the potential therapeutic effect of Ech on phenylhydrazine (PHZ)-induced HA in rats.

Methods: Eighteen rats were divided into three groups (n = 6): the control group, the phenylhydrazine-induced HA group and the Ech group, injected intraperitoneally with PHZ and supplemented with oral Ech daily for 6 days.

Results: Ech resulted in a considerable increase in RBCs, WBCs, and platelets counts, hemoglobin, reduced glutathione, catalase, and glutathione-S-transferase levels, and a significant decrease in aspartate & alanine aminotransferases, alkaline phosphatase, gamma-glutamyl transferase, bilirubin, creatinine, urea, urate, malondialdehyde & nitric oxide levels in anemic rats. Histopathological examination of liver and kidney tissue samples showed marked improvement.

Conclusion: Ech ameliorated phenylhydrazine-induced HA with a hepatorenal protective effect owing to its anti-inflammatory and antioxidant properties.

© 2023 El-Shehry et al.","rct","PeerJ","1","10.7717/peerj.16576","https://consensus.app/papers/hematopoietic-effect-of-echinochrome-on-el-shehry-amrymi/389bcc18d6865aa1b3ce6c09b66e716a/"
"Impact of blueberry extract on hematological response in phenylhydrazine-induced hemolytic anemia","Blueberries show a partial protective effect against inflammatory response and oxidative stress in an acute hemolytic anemia model, with lower neutrophil and lymphocyte counts and diminished interleukin-10 levels.","Daniela Drosdowski, P. Türck, Silvio Tasca, G. Rosa, E. Guzzo, S. Bianchi, A. Coitinho, C. C. Carraro, Adriane Belló-Klein, A. D. de Castro, V. Bassani, Alex Sander da Rosa Araujo",2025,1,"","rct","Hematology, Transfusion and Cell Therapy","3","10.1016/j.htct.2025.103744","https://consensus.app/papers/impact-of-blueberry-extract-on-hematological-response-in-drosdowski-t%C3%BCrck/3961ecd3f88857d68be0f4cb0ab184c8/"
"Ficus glumosa Del. reduces phenylhydrazine-induced hemolytic anaemia and hepatic damage in Wistar rats","Ficus glumosa leaves contain important antioxidants that effectively reduce hemolytic anemia and hepatic damage in rats during phenylhydrazine-induced toxicity.","A. I. Okafor, Cecilia Ushike Atsu",2022,3,"Objectives: Anemia is a direct or indirect consequence of oxidative stress via free radicals on erythrocytes and subsequently on other tissues like liver. Ficus glumosa constitute a rich pharmacologically compound that can prevent or repair oxidative damage. Therefore, this study seeks to evaluate the effect of F. glumosa on phenylhydrazine-induced hemolytic anemia and hepatic damage in rats.

Methods: Twenty-four (24) albino Wistar rats were assigned to four (4) experimental groups (n=6) as follows: Group I (non-anemic control) and Group 2 (anemic control) received normal saline, while Group III and IV (test groups) 200 and 400 mg/kg of aqueous leaf extract of F. glumosa (ALEFG), respectively. All the groups were treated orally (via a cannula) for seven consecutive days. Intraperitoneal (IP) injection of phenylhydrazine (PHZ) at 40 mg/kg for two consecutive days induced hemolytic anemia in group II to IV before treatment. Rats of all groups were anaesthetized and sacrificed 24 h after the last treatment. Blood and liver samples were collected for some hematological indices, liver function test, antioxidant parameter and histological analysis.

Results: The LD50 of ALEFG was assessed orally in rats and found to be above 5,000 mg/kg body weight. Significant (p<0.05) decreases in the level of red blood cell (RBC), hemoglobin (HGB) concentrations and packed cell volume (PCV) by 50% after 2 days of PHZ induction, were attenuated by more than 50% after 7 days administration of ALEFG at 200 and 400 mg/kg. The percentage change in body weight increased significantly (p<0.05) after 7 days post PHZ-induced anemia, but those that received oral administration of ALEFG (at 200 and 400 mg/kg) for 7 days increased significantly (p<0.05) by more than 2%, dose-dependently compared to anemic untreated group. Increased level of serum ALT, AST, ALP and GGT in PHZ-induced anemic animals, were significantly (p<0.05) attenuated in the groups that received oral administration of ALEFG (at 200 and 400 mg/kg) for 7 days. Decreased level of catalase (CAT) and superoxide dismutase (SOD) activities with concomitant increase in malondialdehyde (MDA) content from PHZ-induced untreated group, were significantly (p<0.05) mitigated in the rats that received oral administration of ALEFG (at 200 and 400 mg/kg) for 7 days. Histopathological analysis showed that ALEFG could remarkably though not completely mitigated PHZ-induced hepatic damage.

Conclusions: Our data suggests that the leaves of F. glumosa contain important antioxidant(s) that could effectively reduce hemolytic anemia and hepatic damage, especially during phenylhydrazine-induced toxicity.

© 2022 Walter de Gruyter GmbH, Berlin/Boston.","rct","Journal of Complementary and Integrative Medicine","2","10.1515/jcim-2021-0306","https://consensus.app/papers/ficus-glumosa-del-reduces-phenylhydrazineinduced-okafor-atsu/9f1443552f625699aded262e1207e24b/"
"Effects of Aloe Vera Gel on Red Blood Cell-parameters in Phenylhydrazine-induced Anaemic Wistar albino Rats","Aloe vera gel has significant erythropoietic potentials, improving red blood cell parameters in PHZ-induced anaemic rats.","Shameema Akhter, Dilruba Begum, Ishrat Jahan, Aliya Hossain Sharna, Sumaiya I. Khan, Israt Azmin",2024,0,"Background & objective: Anaemia is the most significant disorder of the blood. Many researchers have developed the concept of using medicinal plants as an alternative source of treatment for anaemia with fewer side effects. Aloe vera, being a medicinal plant, is popularly used as a natural drug in haematological disorders. The present study was intended to observe the effects of Aloe vera gel on red blood cell parameters in phenylhydrazine (PHZ)-induced anaemic Wistar albino rats.
Methods: This Experimental study was conducted in Dhaka Medical College, Dhaka from July 2021 to June 2022. A total of 24 healthy Wistar albino rats were selected for the study. After procurement, the rats were initially kept in a standard laboratory condition on a 12/12-hour light/dark cycle for 14 days of acclimatization before 21 days of the experiment. All the rats had free access to basal diet and normal saline during the period of acclimatization and experiment. After acclimatization for 14 days, the rats were divided into three groups-Group A (baseline control group, n = 8), Group B (PHZ-treated group, n = 8), and Group C, the Experimental Group (PHZ-induced and Aloe vera gel treated group, n = 8). To induce anaemia, Group B and Group C received intraperitoneal injection of PHZ at a dose of 0.5 ml/100 g body weight on days 1, 3, 5 and day 7. Moreover, the experimental group (Group C) received Aloe vera gel orally at a dose of 0.6 ml/kg body weight from Day 8 to Day 21. On day 22, rats were sacrificed to test their blood samples for haematologic variables (RBC count, Hb conc., and PCV) and haematological indices (MCV, MCH and MCHC).
Result: All the haematological parameters and indices were almost similar among the study groups at baseline (on Day 1). On Day 8, rats of groups B and C demonstrated a drastically reduced count of RBC (2.66 ± 0.53 and 2.69 ± 0.52 million/μl respectively) compared to the rats of group A (8.16 ± 0.76 million/μl). On Day 22, the RBC count in rats of Group C staggeringly increased to 7.63 ± 0.64 million/μl; however, the RBC count in rats of Group B remained almost the same as was found on Day 8. A significant decrease in Hb conc. and PCV in PHZ-induced control on Day 8 compared to that on Day 1 was also observed. The mean MCV in all the study groups on Day 1 was around 50 fl, which abnormally increased to 85 and 87 fl in Groups B and C respectively on Day 8. On Day 22, Group B further exhibited an increase in MCV to > 87 fl. Meanwhile, the MCV in Group C (Aloe vera-treated group) favourably decreased to 55 fl. On the 8th Day of intervention, the MCH level significantly decreased in Groups B and C. Although no significant change in MCH was observed in Group B from Day 8 to Day 22, group C demonstrated a significant increase in the mean MCH to nearly 18 pg during the same period. The mean MCHC significantly dropped to < 23% in Groups B and C on Day 8 from the baseline figure of 34%. While no significant change in MCHC was evident in Group B from Day 8 to Day 22, it significantly improved to about 28% in Group C during the same period.
Conclusion: From the study, it can be concluded that Aloe vera has significant erythropoietic potentials which result in the improvement of red blood cell parameters (RBC count, Hb conc., PCV, MCV, MCH and MCHC) in PHZ-induced anaemic rats.
Ibrahim Card Med J 2023; 13 (1&2): 40-46","","Ibrahim Cardiac Medical Journal","","10.3329/icmj.v13i1.73879","https://consensus.app/papers/effects-of-aloe-vera-gel-on-red-blood-cellparameters-in-akhter-begum/6cb7f29c1ff75045953156f527079912/"
"Anti-anemic Activity of Aqueous Root Bark Extract of Morinda lucida Benth against Phenylhydrazine-induced Hemolytic Anemia in Wistar Rats","Morinda lucida root bark extract effectively repairs erythrocyte damage caused by phenylhydrazine, highlighting its anti-anemic potential.","Kouassi Konan Armand Marcelin, K. Innocent, Malan Adouobo Christophe Samuel, S. Duni, N. David, D. Joseph",2025,0,"Aims: Evaluate the anti-anemic potential of aqueous root bark extract of Morinda lucida against induced hemolytic anemia in Wistar rats in addition to its total phenol content and its acute toxicity. 
Study Design: Experimental Design. 
Place and Duration of Study: Laboratory of Biology and Health, Training and Research Unit Biosciences, Félix Houphouët-Boigny University of Abidjan, June 2024 to September 2024. 
Methodology: Total phenol content of aqueous root bark extract of Morinda lucida was determined using Folin-Ciocalteu reagent. The acute toxicity test was performed according to OECD guideline no. 425. Anemia was induced in Wistar rats by intraperitoneal administration of phenylhydrazine at 40 mg/Kg bw for two days. The rats were orally treated during 21 days with 100 and 200 mg/kg bw of Morinda lucida extract and Ranferon® (anti-anemic drug) at 50 mg/kg bw. Blood was collected from all rats before and after induction of anemia, and then weekly during the treatment period to monitor changes in hematological parameters such as hemoglobin level, red blood cell count, hematocrit, mean corpuscular volume, mean corpuscular hemoglobin and mean corpuscular hemoglobin concentration. 
Results: The results show that the aqueous root bark extract of Morinda lucida contains phenolic compounds, estimated at 0.169 ± 0.015 mg gallic acid equivalent/g extract, and has low toxicity. In anti-anemic test, phenylhydrazine caused a significant reduction in hemoglobin level in rats, from 13.33 to 8.33 g/dL, with a disturbance in the other hematological parameters. After 15 days of treatment, hemoglobin levels significantly increased in rats treated with M. lucida extract at 100 mg/kg (13.27±0.26 g/dL) and Ranferon® (12.93±0.145 g/dL), comparable to normal controls (13.17±0.03 g/dL). There were also improvements in the other hematological parameters after two to three weeks treatment. 
Conclusion: These results show that Morinda lucida is effective in repairing phenylhydrazine-induced erythrocyte damage and highlight its anti-anemic potential.","non-randomized experimental study","Journal of Pharmaceutical Research International","","10.9734/jpri/2025/v37i47682","https://consensus.app/papers/antianemic-activity-of-aqueous-root-bark-extract-of-marcelin-innocent/326e7b0a60f85256832584c1b47ab557/"
"Haematinic and Hepatoprotective Properties of Telfairia occidentalis Fruit Mesocarp on Phenylhydrazine-Induced Anaemia in Experimental Rats","The aqueous extract of Telfairia occidentalis fruit mesocarp failed to reverse phenylhydrazine-induced haemolytic anaemia in experimental rats, potentially contributing to reduced Hb levels and increased serum enzyme levels.","A. Nneoyi-Egbe, E. Onyenweaku, Andyno Akpanukoh, PA Ebai",2023,5,"The level and potential of iron contained in fluted pumpkin (Telfairia occidentalis) has been exploited as a blood tonic; however, the potentials of some other parts of the plant are unknown. The effect of T. occidentalis fruit mesocarp (aqueous extract) on phenylhydrazine (PHZ)-induced anaemia in experimental rats was investigated in a bid to determine its curative properties and potential in reversing haemolytic anaemia and protection of liver health. The LD50 of the fruit extract was determined using Lorke's method for the determination of acute toxicity. The study involved oral administration of varying doses of the extract to different groups of rats which were monitored for 24 hours. The test sample did not show any signs of toxicity at doses of 5000 mg/kg b.wt, which is the highest possible recommended dose for toxicity testing. For the evaluation of the effects of the fruit extract on haematological indices and biochemical enzyme markers in anaemic rats, 30 matured albino Wistar rats were used. The rats were divided into five groups of six rats each. Group 1 consisted of normal rats (control group), Group 2 consisted of anaemic untreated rats, and Group 3 consisted of anaemic rats treated with the standard drug Astymin, while Groups 4 and 5 were made up of anaemic rats given the extract at doses of 600 mg/kg b.wt and 1000 mg/kg b.wt, respectively. The fruit extract failed to show any significant effect in improving the haemoglobin (Hb), alanine aminotransferase (ALT), aspartate aminotransferase (AST), and alkaline phosphate (ALP) levels in anaemic rats but rather may have contributed to a reduction in Hb levels and an unhealthy increase in serum enzyme levels. This is indicative of the apparent inability of the aqueous extract of the T. occidentalis fruit mesocarp to reverse PHZ-induced haemolytic anaemia and may suggest a possible detrimental effect of high doses of the extract over a prolonged period.

Copyright © 2023 Ada Francesca Nneoyi-Egbe et al.","","Biochemistry Research International","2","10.1155/2023/8838481","https://consensus.app/papers/haematinic-and-hepatoprotective-properties-of-telfairia-nneoyi-egbe-onyenweaku/5f875ddb5b2457578b600ff4921df15a/"
"Physiological response to experimentally induced anemia in rats: a comparative study.","Experimental anemia in rats leads to similar decreases in hematocrit and hemoglobin concentration, but phenylhydrazine-induced anemia shows a higher reticulocyte response and increased osmotic resistance and glucose utilization.","P. Redondo, A. Álvarez, C. Diez, F. Fernández-Rojo, J. Prieto",1995,31,"To induce anemia experimentally in rats to provide a hematocrit of 30 to 35% and provide data about the physiologic response to anemia during induction and after it is established, two methods were selected: the application of repetitive doses of phenylhydrazine and bleeding. Blood sample collection was carried out at various times, and hematologic profiles and osmotic resistance were evaluated. The morphologic features of cells and distinct organs also were examined. Results indicated similar decrease of hematocrit and hemoglobin concentration for the two experimental groups, although the reticulocyte response was higher in rats treated with phenylhydrazine, where the presence of young erythrocyte populations was linked to increases in osmotic resistance and glucose utilization. 2,3-Diphosphoglycerate was induced only during the recovery phase of the study and corresponded to a gradual response to hypoxia. Histologically, marked erythroid hyperplasia was found in the bone marrow, and extramedullary hematopoiesis was seen in the spleen and liver.","non-randomized experimental study","Laboratory animal science","","","https://consensus.app/papers/physiological-response-to-experimentally-induced-anemia-redondo-%C3%A1lvarez/41dae9e5ec43514abd19f3aff27cf44b/"
"Haematological effect of a bi-herbal composition on phenyl hydrazine-induced anaemia in Albino Wistar rats","A biherbal composition of Picralima nitida and Cymbopogon citratus significantly altered haematological parameters in albino Wistar rats treated with phenylhydrazine-induced anaemia.","P. Obazelu, U. C. Odionyenma",2024,0,"Picralima nitida and Cymbopogon citratus are plants known for their anti-inflammatory, antioxidant, and haematopoietic properties. This study aimed to determine the haematological effect of a dual herb composition of these plants on phenylhydrazine-induced anaemia in albino Wistar rats. Sixty adult male rats were divided into six groups: control, phenylhydrazine group, ferrous sulphate group, and three groups receiving phenylhydrazine plus 100 mg/kg, 200 mg/kg, and 400 mg/kg of the extract. Haematological parameters were measured using an autoanalyzer and analyzed with SPSS software V22. The red blood cell count was significantly higher in the control group compared to other groups (p<0.05). Haemoglobin was significantly higher in the control, ferrous sulphate, 100 mg/kg, and 400 mg/kg groups compared to the phenylhydrazine and 200 mg/kg groups (p<0.05). Mean cell volume was significantly lower in the control group compared to all other groups (p<0.05). Mean cell haemoglobin was significantly lower in the control group compared to other groups while MCHC was higher in the control group compared to phenylhydrazine, ferrous sulphate, 100mg/kg and 200mg/kg groups (p<0.05). RDWSD was significantly lower in the control group compared to all other groups (p<0.05). Total white blood cell count was significantly lower in the control and phenylhydrazine groups compared to others (p<0.05). Lymphocyte was significantly higher in the ferrous sulphate group compared to others, while monocyte count was significantly lower in the control, phenylhydrazine, and ferrous sulphate groups (p<0.05). Neutrophil was significantly higher in the control and phenylhydrazine groups (p<0.05). Platelet was significantly lower in the control group compared to ferrous sulphate, 200 mg/kg, and 400 mg/kg groups (p<0.05). Mean platelet volume was significantly lower in the control, phenylhydrazine, ferrous sulphate, and 100 mg/kg groups compared to the 400 mg/kg group (p<0.05). The study concludes that the biherbal formulation of the plants caused significant alterations in haematological parameters.","rct","Dutse Journal of Pure and Applied Sciences","","10.4314/dujopas.v10i3a.30","https://consensus.app/papers/haematological-effect-of-a-biherbal-composition-on-phenyl-obazelu-odionyenma/ec41429e75cb53a2a3d676eac196a40a/"
"Activities of aqueous extract of Tamarindus indica on phenylhydrazine-induced hematopathological changes in anemic male wistar rats","Aqueous extract of Tamarindus indica fruit pulp effectively stimulates hematopoiesis and significantly improves drug-induced hemolytic anemia in anemic male Wistar rats.","Cherop Patrick Stephen, Edgar Fernandez Mario, D. Sunday",2026,0,"Introduction Drug Induced Hemolytic Anemia (DIHA), following exposure to hematopathologically profound molecules, presents with variable clinical syndromes, misinterpreted serological results, misdiagnosis, challenging and controversial treatment; and no specific antihemolytic agent. Its treatment could be enhanced by use of natural molecules in some medicinal plants. Therefore, this study is aimed to determination the activities of aqueous extract of T. indica on PHZ-induced hematopathological changes in anemic male Wistar rats. Materials and Methods 60mg/kg of Phenylhydrazine (PHZ) was administered for 2 days to induce hemolytic anemia intraperitoneally. 30 male Wistar rats were randomly divided into 5 groups, each with 6 rats. G1-untreated. Anemic rats were divided into G2- G5. G2-untreated, G3-treated with 1mL Ferro B syrup, G4 and G5 treated with 400mg/kg and 800mg/kg of T. indica pulp extract respectively. Test drug and extract were orally administered daily for 7 and 14 days respectively. Cases in G2 - G5 were sacrificed under light ether anesthesia on days 9 and 16 post-therapy, G1 at the end of the experimental period. Blood collected via cardiac puncture were subjected for Red Blood Cells (RBC) histopathology, serum Lactate Dehydrogenase (LDH), and reticulocyte counts. The femur was harvested for bone marrow Histopathology. Results PHZ induced hemolytic anemia marked by profound serum LDH elevation & reticulocytosis, marked RBC morphological distortions & bone marrow degenerative changes suggestive of marrow fibrosis & suppression. Marrow regeneration marked by hypercellularity & decreased adipocytes were evident of hematopoiesis induced by the 2 weeks test therapies; significant moderate populations of normal mature peripheral RBCs, serum LDH & reticulocyte % reduction were typical; consistent with significant recovery from the acute hemolytic episode. Conclusion T. indica fruit pulp extract effectively stimulated hematopoiesis in response to drug induced hemolytic effect on the hematopathologic parameters, with significant improvement from hemolytic anemia.","rct","bioRxiv","","10.64898/2026.01.30.702729","https://consensus.app/papers/activities-of-aqueous-extract-of-tamarindus-indica-on-stephen-mario/da3f3c9719705bb0a9e59cd948b09c77/"
"Anti-Anemic Effect of Antioxidant-Rich Apple Vinegar against Phenylhydrazine-Induced Hemolytic Anemia in Rats","Apple vinegar, rich in antioxidants, can potentially prevent hemolytic anemia caused by phenylhydrazine due to its ability to scavenge free radicals.","D. Ousaaid, A. E. Ghouizi, Hassan Laaroussi, Meryem Bakour, Hamza Mechchate, I. Es-safi, O. A. Kamaly, A. Saleh, Raffaele Conte, B. Lyoussi, Ilham El Arabi",2022,26,"This study aims to examine the ability of apple vinegar on phenylhydrazine (PHZ)-induced hemolytic anemia in Wistar rats. In vitro, phenolic and flavonoid content and antioxidant activity were determined. In vivo, phenylhydrazine (10 mg/kg) was injected intravenously into rats for 4 days and then treated with apple vinegar daily by gavage (1 mL/kg) for five weeks. high level of polyphenols and flavonoids (90 ± 1.66 mg GAE/100 mL and 7.29 ± 0.23 mg QE/100 mL, respectively) were found in the apple vinegar which gives it a good ability to scavenge free radicals (TAC = 4.22 ± 0.18 mg AAE/100 mL and DPPH, IC50 = 0.49 ± 0.004 µL/ml). The phytochemical composition of apple vinegar revealed the presence of numerous bioactive compounds including arbutin, apigenin, sinapic, ferulic and trans-ferulic acids. The major antioxidant components in apple vinegar were ferulic and trans-ferulic acids (40% and 43%, respectively). PHZ treatment induced changes in platelets, blood cell count, mean corpuscular volume, hemoglobin concentration and mean capsulated hemoglobin. However, the co-administration of apple vinegar revealed its capacity to ameliorate the changes induced by phenylhydrazine. Therefore, apple vinegar use could have a positive impact on the prevention of hemolytic anemia induced by phenylhydrazine due to the antioxidant properties of its major components.","non-randomized experimental study","Life","1","10.3390/life12020239","https://consensus.app/papers/antianemic-effect-of-antioxidantrich-apple-vinegar-ousaaid-ghouizi/0523d2015ade5afeb6149075fa64d1ac/"
"Jatropha tanjorensis Euphorbiaceae Ethanolic Leaves Extract Reverses Phenylhydrazine Induced Haematological Alterations in Albino Wistar Rats","Jatropha tanjorensis Euphorbiaceae ethanolic leaves extract demonstrated antioxidant, anti-inflammatory, and anti-thrombotic effects, reversing haematological alterations caused by phenylhydrazine administration in albino Wistar rats.","E. Umoren, I. Okon, C. Nyenke, E. Modo, N. Amadi, P. I. Brown",2023,1,"Introduction: Phenylhydrazine has been used in many studies to evaluate its modulatory effects in various biochemical parameters in whole blood and red blood cell lysate. Jatropha tanjorensis Euphorbiaceae have high antioxidants properties; its leaves phytochemical analysis shows the presence of flavonoids, tanins, terpenoids, saponis. This study investigated the ameliorative effects of Jatropha tanjorensis Euphorbiaceae on phenylhydrazine induced haematological alterations in albino Wistar rats.  
Materials and Methods: Wistar rats of both sexes (180-200g) were divided into 4 groups (n=5). Group 1 received rat chow; Group 2 received (200 mg/kg) of J. tanjorensis orally. Group 3 received phenylhydrazine only (10 mg/kg). Group 4 received phenylhydrazine (10 mg/kg) + J. tanjorensis (250 mg/kg). All animals were allowed free access to clean drinking water and normal rat chow ad libitum for 35 days. After which animals were sacrificed and blood samples collected for biochemical analysis. 
Results: Results obtained showed that phenylhydrazine induced normochromic anemia with significant increase in white blood cell count, and neutrophil counts, eosinophils (insignificant) count with a significant reduction in lymphocyte count. However, J. tanjorensis extract reversed the adverse haematological changes induced by phenylhydrazine. 
Conclusion: In conclusion, Jatropha tanjorensis Euphorbiaceae demonstrated antioxidant, anti-inflammatory, and anti-thrombotic effects and reversed the haematological alterations brought upon by phenylhydrazine administration.","","European Journal of Nutrition &amp; Food Safety","","10.9734/ejnfs/2023/v15i51309","https://consensus.app/papers/jatropha-tanjorensis-euphorbiaceae-ethanolic-leaves-umoren-okon/71c56bf507f45cf1bed45c9c3ba9bc0c/"
"Haematological and biochemical studies on Justicia carnea leaves extract in phenylhydrazine induced-anemia in albino rats.","Extracts of Justicia carnea leaves can reverse anemia and improve lipid profile in albino rats, potentially due to their rich phytochemical, nutrient, and vitamin composition.","C. Onyeabo, N. Achi, Chima A. Ekeleme-Egedigwe, C. Ebere, C. Okoro",2017,39,"Background: Justicia carnea is a medicinal plant used widely in Nigeria which is reported to have diverse functions, including blood-boosting potential. Aim. The effect of the ethanol extract of Justicea carnea (JC) leaves in phenylhydrazine induced-anemia albino rats on haematological and lipid profile parameters was investigated.

Methods: The experimental animals were randomly grouped into five groups of six rats each &ndash; group 1 (non-anemic control), group 2 (anemic control), group 3 (500 mg/kg of JC extract), group 4 (1000 mg/kg of JC extract) and group 5 (DMSO control). Phenylhydrazine was administered once at a dose of 80 mg/kg b.w.&nbsp; to induce hemolytic anemia. After 28 days of extract administration, they were humanely sacrificed and the serum collected was used for biochemical analysis.

Results: In the acute toxicity study, the LD50 was found to be above 5000 mg/kg body weight. Packed Cell Volume (PCV) values, Red Blood cell (RBC) and haemoglobin (Hb) concentrations decreased (p < 0.05) sig- nificantly after 48 hours of phenylhydrazine induction, but after 28 days of administering extracts of Justicia carnea, PCV values, RBC and Hb increased (p < 0.05) significantly. There were significant (p < 0.05) de- creases in cholesterol, triacylglycerol, and LDL cholesterol concentrations in the extract-administered groups (groups 3&4) relative to the anemic control. There was a significant (p < 0.05) increase in HDL-cholesterol concentrations in the extract groups (3&4) relative to the non-anemic control.

Conclusions: Extracts of Justicia carnea not only reversed anemic conditions in the phenylhydrazine-induced rats, it also improved the lipid profile, and this may be attributed to its rich phytochemical, nutrient and vita- min composition. Therefore, the findings of the study suggest that J. carnea leaves could be used to manage lipid abnormalities associated with anemia.","rct","Acta scientiarum polonorum. Technologia alimentaria","","10.17306/j.afs.0492","https://consensus.app/papers/haematological-and-biochemical-studies-on-justicia-onyeabo-achi/03a95d3dca73571eb89ff49cff407d68/"
"Influence of Combretum nigricans Hot Aqueous Extracts on Phenylhadrazine- Induced Hemolytic Anaemia in Wistar Rats","Combretum nigricans hot aqueous extracts can significantly reduce phenylhydrazine-induced anemia in rats, maintaining healthy red blood cell and platelet counts during anemia episodes.","J. G. Nangbes",2023,1,"Anaemia is a major health issue that affects many people, particularly in developing nations. In some cases of anemia, rural residents in the tropics have to rely on traditional remedies. The goal of this study was to determine Combretum nigricans’s hematinic capabilities. Using phenylhydrazine (PHZ)-induced anemia in rats, the aqueous extract (AE) of the bark was tested for haematinic effects. A total of twenty-eight (28) wistar albino rats of both sexes, weighing between 150 – 250g, were used for the experiment. Rats were randomly divided into seven groups (n = 4/group). Group I, served as the normal control (not infected) received the vehicle (10 ml/kg; Tween 20). Group II, served as positive control (infected but not treated) received no treatment, while groups III, IV, V, VI and VII received 100, 200, 300, 400 and 500 mg/kg of the aqueous extract (AE) respectively daily for two (2) weeks. As markers of anemia, blood parameters such as red blood cell (RBC) count and hemoglobin concentration (Hb) were measured. The results showed that oral treatment of AE (100-500 mg/kg/day) had a significant (P 0.05) haematinic effect by reducing the PHZ-induced drop in blood parameters such as Hb, PCV, and RBC. The potency of haematinicity was shown to be dose-dependent. These findings support the existence of haematinic components in C. nigricans bark and therefore can be used to maintain physiologically healthy RBC and PVC during anaemic episodes.","rct","OPSearch: American Journal of Open Research","2","10.58811/opsearch.v2i2.40","https://consensus.app/papers/influence-of-combretum-nigricans-hot-aqueous-extracts-on-nangbes/fadc3f573095574eb3de24acd0d63d04/"
"Niacin enhances erythropoiesis and attenuates oxidative stress and ferroptosis through the modulation of Nrf2/HO-1/GPX4 pathway in phenylhydrazine-induced hemolytic anemia in rats.","Niacin protects rats from hemolytic anemia by restoring blood parameters and promoting red blood cell survival, potentially serving as a potential treatment for oxidative stress, ferroptosis, and inflammation.","Muhammed Ramadan Galal, A. S. Mohamed, A. Baiomy, Shaymaa M. Eissa",2026,0,"","rct","The Journal of nutritional biochemistry","1","10.1016/j.jnutbio.2026.110392","https://consensus.app/papers/niacin-enhances-erythropoiesis-and-attenuates-oxidative-galal-mohamed/bd7964dc642e55f5a8390262ca39b19e/"
"ANTI-ANEMIC AND HISTOLOGY PROPERTIES OF HIBISCUS SABDARIFFA CALYX SUPPLEMENTED DIET IN PHENYLHYDRAZINE-INDUCED ANEMIA IN RATS","Dietary Hibiscus sabdariffa calyx supplementation significantly improves red blood cell count, hemoglobin, and packed cell volume in rats with phenylhydrazine-induced anemia, and shows hepatoprotective effects.","ADEROUNMU GANIYU IBRAHIM, ALIYU IBRAHIM, A. S. Idoko, BALKISU OYERONKE ABDULRAHMAN",2025,0,"Anemia is induced by oxidative stress and hemolysis, remains a major health concern. Hibiscus sabdariffa calyx is rich in anthocyanins and polyphenols with established antioxidant and hematopoietic potentials. This study investigated the anti-anemic and hepatoprotective effects of dietary Hibiscus sabdariffa calyx supplementation in phenylhydrazine-induced anemia in rats. Twenty-four adults male Wistar rats were divided into four groups (n = 4). Group I served as normal control; Group II received phenylhydrazine (PHZ; 12 mg/kg) to induce anemia; Groups III and IV were anemic rats fed 2% and 5% Hibicus sabdariffa calyx supplemented diets respectively, Treatments lasted six weeks post-induction. Hematological parameters were analyzed using an automated hematology analyzer, while liver and kidney tissues were examined histologically using hematoxylin and eosin staining. Penylhydrazine administration significantly (p < 0.05) reduced red blood cell count, hemoglobin, and packed cell volume compared to control. Supplementation with Hibiscus sabdariffa calyx significantly and dose-dependently improved these indices toward normal values. White blood cell and platelet counts were also normalized in treated groups. Histological examination revealed hepatocellular degeneration and necrosis in phenylhydrazine group, which were markedly ameliorated by Hibiscus sabdariffa supplementation, especially at 5% inclusion level, showing preserved hepatic architecture comparable to controls.","rct","International Journal of Organic and Medicinal Development Research","","10.70382/mejomdr.v10i3.011","https://consensus.app/papers/antianemic-and-histology-properties-of-hibiscus-ibrahim-ibrahim/da5b3c364ba15f2097b14b40fc2a4b5a/"
"Ameliorative effects of myricetin on phenylhydrazine-induced hemolytic anemia in rats: modulation of erythropoiesis, oxidative stress, inflammatory cytokines, and bone marrow architecture","Myricetin improves hematological and oxidative stress parameters, reduces inflammation, and promotes bone marrow function in rats with phenylhydrazine-induced hemolytic anemia.","F. Taresh, Zainab A. H.AL-Mousawi, B. Hassan",2025,0,"Background: Anemia is a clinical condition characterized by a reduction in the number of red blood cells and hemoglobin concentration in the blood to levels below the established normal range.Objective: Investigate the therapeutic effects of Myricetin on phenylhydrazine-induced hemolytic anemia in adult male rats.Methodology: Forty rats were randomly divided into four groups.Group I received normal saline orally.Group II consisted of anemic rats administered normal saline orally.Group III included anemic rats treated with Myricetin (1 mg/kg body weight, i.p., once daily), and Group IV comprised anemic rats treated with folic acid (1 mg/ kg body weight, orally, once daily).All treatments were continued for 30 consecutive days.Serum samples were collected on days 7, 15, and 30 and analyzed using ELISA to assess hematological, oxidative stress, and inflammatory biomarkers.Bone marrow biopsies were obtained on day 15 for histopathological evaluation.Results: Showed a significant, time-dependent improvement in key hematological and oxidative stress parameters, including erythropoietin, hepcidin, haptoglobin, glutathione, malondialdehyde, total antioxidant status, and catalase activity.Furthermore, Myricetin significantly reduced pro-inflammatory cytokines, particularly interferon-gamma and interleukin-10.Histopathological analysis demonstrated that Myricetin markedly improved bone marrow cellularity, especially in myeloid (granulocytes) and erythroid lineages.Conclusion: Myricetin exerts antioxidant, anti-inflammatory, and hematopoietic effects, thereby promoting physiological stability and facilitating the gradual recovery of bone marrow function and hematological balance.This highlights its potential as a natural therapeutic candidate for the management of hemolytic anemia.","rct","Journal of Applied Biological Chemistry","4","10.3839/jabc.2025.064","https://consensus.app/papers/ameliorative-effects-of-myricetin-on-taresh-hal-mousawi/2f8286fe9e4550afa45cfb0fd07cbf2b/"
"The physiological role of phytosomal curcumin to mitigate hemolytic anemia and cytogenic effect induced by phenylhydrazine in rats","Phytosomal curcumin effectively reduces hemolytic anemia and genotoxic effects caused by phenylhydrazine in rats, offering a potential new treatment approach for anemia.","A. Al-Yasari, Mohammed A. Aboktifa, Z. A. Ahmed, Hadeel S. Almaliki, Ruqaya K. Abbas, A. M. Jasim",2024,0,"We investigates the physiological efficacy of encapsulated curcumin in the treatment of adult Albino Wistar rats with phenylhydrazine (PHZ)-induced hemolytic anemia. Thirty adult male rats were employed in this investigation, and randomly parted into five groups. One was used as a negative control group (NCG) and fed on chow and water. Animals in the T1 group received an i.p PHZ (40mg/kg B.W) for two days; those in the T2 group received PHZ (40 mg/kg) and oral curcumin at 50 mg/kg daily for four weeks; and those in the T3 and T4 groups received PHZ (40 mg/kg) and phytosome-loaded curcumin at 25 & 50 mg/Kg daily for four weeks, respectively. All of the animals were sacrificed as the experimentation done. Haematological parameters were done for additional biochemical analyses. Analyses of cytogenic activity and hematological parameters were assessed. The current study shows that loaded curcumin on phytosomes with a sufficient polydisperssin index maintains the stability of phytosomes and exhibits a strong ability to attenuate anemic effects that were caused by phenyl hydrazine. This might hold out the possibility of developing a fresh approach to treating various forms of pathological and physiological anemia. Ultimately, we discovered that phytosom was easily loaded and enclosed within an appropriate size and shape. By enhancing hematological parameters in addition to its physiological role in reducing the genotoxic effect of phenylhyrazine, curcumin and its liposome are regarded as an effective treatment for anemia in rats.","rct","TRANSPORT, ECOLOGY, SUSTAINABLE DEVELOPMENT: EKO VARNA 2023","","10.1063/5.0191865","https://consensus.app/papers/the-physiological-role-of-phytosomal-curcumin-to-mitigate-al-yasari-aboktifa/dce7b3328f835612adb490b0a33b2df0/"
"The Effects of Sorghum bicolor Aqueous Leaf Sheaths Extract on Some Selected Biochemical Parameters of Phenylhydrazine-Induced Hemoltyic Anemic Male Wistar Rats","Sorghum bicolor extract shows potential in reducing bilirubin levels and increasing total protein levels in male Wistar rats with hemolytic anemia.","Olaitan Nugboton Samuel, Adebayo Seyi David, Ayoade Adekunle Abiodun, Olivia Cole O., Abdulkareem Teslim O.,",2021,218,"In this study the effect of Sorghum bicolor was tested on some selected biochemical parameters (direct, total and indirect billirubin, creatinine, total protein, serum albumin and urea) was appraised to determine if the plant extract can reverse the aberrance in the values of these parameters. Study design: 40 experimental animals were divvied into four groups and hemolytic anemia was induced in three of the groups with two of the groups given the herbal extract in varying degree (low and high dosage) to assess the efficacy of the drug on alleviating selected biochemical parameters, to ultimately investigate the curative effect of the botanical extract on hemolytic anemia. Place and Duration of Study: Cell and Tissue Culture Research Laboratory (Drug Discovery Unit), Department of Biochemistry, Lagos State University between September 2020 and October 2020. Methodology: 40 male Wistar rats were divvied into four equal groups: normal, anemic untreated, anemic low dosed and anemic high dosed. The low dosed and high dosed rats were given the extract at 100mg/kg and 500mg/kg respectively. After 7 days of extract administration, the rats were sacrificed and blood samples taken though heart puncture were centrifuged for sera which was assayed using Randox Laboratories kit. Result: The highest levels of bilirubin, creatinine and urea level and lowest levels of total protein and albumin were recorded in the untreated rats, indicating hemolysis. The treated rats recorded a significant dosedependent reduction in the bilirubin levels and a significant increase in the total protein levels of the two treated rats groups. Conclusion: this study revealed S. bicolor extract to be a potential amelioration of hemolytic anemia.","non-randomized experimental study","International Journal of Innovative Science and Research Technology (IJISRT)","","10.38124/ijisrt/ijisrt21aug651","https://consensus.app/papers/the-effects-of-sorghum-bicolor-aqueous-leaf-sheaths-samuel-david/cd5d7d655d46532881eeb1663eca2b78/"
"HEMATOLOGICAL PARAMETERS IN THE MODEL OF IRON DEFICIENCY AND HEMATOLOGICAL ANEMIA","The study developed experimental models of iron deficiency and hemolytic anemia in laboratory animals, revealing that both drugs increased blood cell numbers due to adaptation to their effects.","O. Kolenchukova, A. V. Kolomeytsev, A. V. Kireeva, E. Biryukova, Margarita V. Loshcareva, Evgeny V. Engevatkin",2022,2,"According to the World Health Organization, the most common (up to 90% of cases) hematological pathology is anemia, a condition characterized by a decrease in the level of hemoglobin in the blood due to a decrease in the total number of red blood cells or a violation of hemoglobin synthesis, which can have serious consequences for the body, such as decreased immunity, impaired respiratory and metabolic processes. Currently, it is necessary to improve the methods of prevention and treatment of anemia. To test new drugs for these purposes, it is necessary to create new models, including on laboratory animals. The aim of the study was to develop experimental models of iron deficiency (IDA) and hemolytic anemia (HA) on laboratory animals. The objects of the study were sexually mature male laboratory rats of the Wistar breed, aged 7 months and weighing 260 ± 20 g. 38 animals were involved in the experiment (for IDA n= 24, for HA n= 14). Laboratory animals were kept in the same external conditions for 3-4 individuals in a cage. To simulate IDA, rats were subcutaneously injected with the drug “Desferal”. To simulate GA, rats were intraperitoneally injected with the drug “Hydrochloric acid phenylhydrozine”. At each stage, blood was taken by cutting off the tip of the tail. A detailed blood test was performed on a hematological analyzer “Heska Element HT5”. As a result, it was found that when the drug “Desferal” was administered at concentrations of 125 and 250 mg / 100g per animal weight, hematological changes were observed in rats, such as an increase in red blood cells, platelets, leukocytes by stage 2 and a decrease to control values by stage 4. When the drug “Hydrochloric acid phenylhydrozine” was administered, hematological changes were detected in rats only within the experimental group. There was an increase in the indicators of erythrocytes, platelets, leukocytes by stages 2 and 3 and a decrease to control values by stage 4. Thus, when the studied drugs were administered in the presented dosages in vivo, a change in the hematological parameters of the blood was detected in the direction of an increase in their number due to adaptation to the effects of substances.","non-randomized experimental study","Siberian Journal of Life Sciences and Agriculture","3","10.12731/2658-6649-2022-14-6-142-156","https://consensus.app/papers/hematological-parameters-in-the-model-of-iron-deficiency-kolenchukova-kolomeytsev/8448f0d5da2156dfb334eb7ec1e00256/"
"Effect of Myricetin on some biochemical parameters in Hemolytic Anemic Male Rats","Myricetin shows potential as a natural therapeutic candidate for hemolytic anemia management by improving key hematological and inflammatory parameters in adult male rats.","F. Taresh",2026,0,"Hemolytic anemia (HA) is a group of diseases characterized by the accelerated destruction of red blood cells (RBCs), resulting in various clinical manifestations such as anemia and jaundice. This study aimed to investigate the ameliorative effects of Myricetin on phenylhydrazine (PHZ)-induced hemolytic anemia in adult male rats. Forty rats were randomly divided into four groups. Group I received normal saline orally. Group II consisted of anemic rats administered normal saline orally. Group III included anemic rats treated with Myricetin (1 mg/kg body weight, i.p, once daily), and Group IV comprised anemic rats treated with folic acid (1 mg/kg body weight, orally, once daily). All treatments were continued for 30 consecutive days. Serum samples were collected on days 7, 15, and 30 and analyzed using biochemistry analyzer to assess hematological, inflammatory biomarkers. The results showed a significant, time-dependent improvement in key hematological and inflammatory parameters, including Ferritin, Serum Iron, Lactate dehydrogenase (LDH), C-Reactive Protein (CRP), and Indirect bilirubin. Collectively, these findings suggest that Myricetin may exert antioxidant, anti-inflammatory effects , that contribute to hematological improvement. This highlights its potential as a natural therapeutic candidate for the management of hemolytic anemia.","rct","Basrah Journal of Veterinary Research","","10.23975/bjvr.2026.167612.1267","https://consensus.app/papers/effect-of-myricetin-on-some-biochemical-parameters-in-taresh/6c51c4e0fe24503a9603fe4d0c40dfc4/"
"Ocimum gratissimum leaf extract ameliorates phenylhydrazine-induced anaemia and toxicity in Wistar rats","Ocimum gratissimum leaf extract has a restorative effect on phenylhydrazine-induced anaemia and toxicity in rats, potentially acting as an anti-anaemic tonic.","E. Akara, Okezie Emmanuel, V. Ude, C. Uche-Ikonne, Godswill Eke, E. Ugbogu",2021,22,"Objectives: Ocimum gratissimum L. is used in traditional medicine for the treatment of bacterial infections and anaemia. This study was designed to evaluate the effect of O. gratissimum leaf extract on phenylhydrazine (PHZ)-induced anaemia and toxicity in rats.

Methods: The experimental rats were divided into five groups (A-E) (n=6/sex/group). Each rat in groups B-E was intraperitoneally administered 50 mg/kg of PHZ for two consecutive days. Group A (normal control) did not receive any PHZ, group B (negative control), group C received orally 5 mg/kg ferrous sulphate whereas groups D and E received 200 and 400 mg/kg O. gratissimum leaf extract respectively, for 14 days.

Results: Red blood cell count, packed cell volume, haemoglobin concentration and high-density lipoprotein increased significantly (p<0.05) whereas low-density lipoprotein and very-low-density lipoprotein decreased in extract-treated groups when compared to the negative control. O. gratissimum (400 mg/kg extract) and standard drug (5 mg/kg ferrous sulphate) significantly (p<0.05) reduced the levels of aspartate aminotransferase, alanine aminotransferase, and alkaline phosphatase.

Conclusions: The results of this study indicate that O. gratissimum leaf extract has a restorative effect on the phenylhydrazine-induced metabolic distortions in the blood, liver, and kidney, and therefore could be used therapeutically as an anti-anaemic tonic.

© 2021 Walter de Gruyter GmbH, Berlin/Boston.","rct","Drug Metabolism and Personalized Therapy","2","10.1515/dmpt-2020-0185","https://consensus.app/papers/ocimum-gratissimum-leaf-extract-ameliorates-akara-emmanuel/810df365691d5216b8ebd265d7f67ade/"
"Anti-Anemic Activity of Raphanus sativus Leaves on Phenylhydrazine Induced Anemia in Wistar Albino Rats","Ethanolic extract of Raphanus sativus leaves effectively increases red blood cell, hemoglobin, and hematocrit levels in Wistar albino rats with phenylhydrazine-induced anemia.","Gopalakrishnan P, Sakthi Abirami M, G. D, Vishnnu Raman E",2024,0,"- ""Raphanus sativus was chosen for this study based on literature reviews highlighting its various activities. This study aimed to evaluate the effect of an ethanolic extract of Raphanus sativus leaves on phenylhydrazine-induced anemia in Wistar albino rats by assessing hematological parameters and in vivo enzymatic antioxidant activity."" - ""Male Wistar albino rats were divided into five groups (n=6). Group I (normal control) received normal feed and water. Anemia was induced in Groups II-V by intraperitoneal administration of PHZ (40 mg/kg). Group II (negative control) received phenylhydrazine for two days. Group III (positive control) received hematinic syrup (0.68 ml/kg). Groups IV and V received 200 mg/kg and 400 mg/kg of the ethanolic extract of Raphanus sativus leaves, respectively, for 12 days."" The in-vivo anti-anemic activity was evaluated by measuring the biochemical, hematological parameters and RBC morphological microscopic examination. The enzymatic antioxidant potential was evaluated by superoxidase dismutase and glutathione peroxidase enzyme. The results were analysed using one-way ANOVA and p value were calculated to find the significance of the results. In-vivo antioxidant results showed that ethanolic extract of Raphanus sativus leaves had high anti-oxidant activity. The treatment with Ethanolic extract of Raphanus sativus leaves had been effective in increasing the count of RBC, Hemoglobin and hematocrit. There","rct","International Journal of Pharmacy and Pharmaceutical Research","","10.25166/ijppr.2024.30.5.41","https://consensus.app/papers/antianemic-activity-of-raphanus-sativus-leaves-on-p-m/7d41673d382a5509ab33c779df83aa38/"
"Anti-anaemic effects of leaf protein concentrate of Eremomastax speciosa (Hochst) Cufod. on some blood parameters of male Sprague-Dawley rats exposed to phenylhydrazine-induced anaemia","Leaf protein concentrate of Eremomastax speciosa (Hochst) Cufod effectively improves haematological and serum biochemical parameters in male Sprague-Dawley rats exposed to phenylhydrazine-induced anaemia compared to negative control.","C. O. Nwaigwe, C. U. Nwaigwe, U. Obiekwe, L. Raji",2023,1,"This study investigated the effects of leaf protein concentrate (LPC) of Eremomastax speciosa (Hochst.) Cufod on some haematological and serum profile of 45 male Sprague-Dawley rats divided into nine groups of five rats per group. The rats received fresh drinking water daily, with feed at 85% of ad-lib. The standard haematinic used was Ranferon-12®, at the dose of 0.3ml/kg body weight. The resultant groups were; Group1 (Positive control, received commercial feed) Group 2 (phenylhydrazine only or negative control), Group 3 (anaemia +haematinic), 4, 5 and 6 (anaemia +100 mg/kg, 200 mg/kg and 400 mg/kg of LPC respectively), Groups 7, 8, 9 (Untreated (or UT) +100 mg/kg, 200 mg/kg and 400 mg/kg of LPC respectively). The LPC was administered orally to the designated groups, while the controls received distilled water in place of the LPC. Anaemia was induced by intraperitoneal injection of phenylhydrazine at 40 mg/kg for 2 days. Samples for haematological and biochemical analysis were collected on days 9, 21 and 28 of the experiment. Results showed that the groups supplemented with LPC were better in terms of the haematology and serum biochemical values compared to the negative control, and this strongly supported the traditional use of E. speciosa leaf in the treatment of anaemia.","rct","Bio-Research","","10.4314/br.v21i3.13","https://consensus.app/papers/antianaemic-effects-of-leaf-protein-concentrate-of-nwaigwe-nwaigwe/081dc1d046665df5b34b0b8fedd8f604/"
"Evaluation of haematinic activity of Tapinanthus globiferus (A. Rich.) van Tiegh leaf extract and fractions in phenylhydrazine-induced anaemic rats","Tapinanthus globiferus leaf extract and fractions significantly increase packed cell volume, haemoglobin concentration, and red blood cell count in phenylhydrazine-induced anaemic rats within one week of treatment.","F. K. Asogwa, K. Okolo, Augustine Oluchukwu Asogwa, J. I. Ali, C. O. Ugwu, R. Offiah",2024,0,"Anaemia is a leading cause of morbidity and mortality in both males and females of all ages. Anaemia was induced by intraperitoneal (i.p.) administration of phenylhydrazine (60 mg/kg) for a period of 3 days. Anaemic rats were allotted to five (5) groups; group I served as the negative control, group II served as the positive control received Astyfer syrup (0.15 mg/kg p.o) , groups III-V served as the test groups that received Tapinanthus globiferus methanol extract, ethyl acetate and n-hexane fractions (100, 200 and 400 mg/kg, p.o.), respectively. Packed cell volume (PCV), haemoglobin concentration (HB) and red blood cell count (RBC) were analysed as indices of anaemia at 7-day intervals for 21 days. The mean cell volume (MCV) and mean cell haemoglobin concentration (MCHC) were calculated accordingly. Leaf extract and fractions of Tapinanthus globiferus significantly (P<0.001) increased the PCV, the HB concentration and the RBC, which had been originally decreased by phenylhydrazine (P<0.001) administration within one week of treatment. The extract and fractions were compared with rats administered with the positive and vehicle-treated group. The results suggested that Tapinanthus globiferus leaves have haematinicactivities.","rct","Journal of Pharmacy &amp; Bioresources","","10.4314/jpb.v21i2.2","https://consensus.app/papers/evaluation-of-haematinic-activity-of-tapinanthus-asogwa-okolo/7289178904325aada8641b96a9268f68/"
"Acute toxicity and effects of of Solanum macrocarpon leaf on Phenylhydrazine-induced haemolytic anaemia, blood glucose and Nephrotoxicity in Wistar rats","Solanum macrocarpon leaf extract effectively improves anaemia, electrolyte balance, and kidney damage caused by Phenylhydrazine in Wistar rats without causing death or toxicity.","Usunobun U, Okungbowa AI, Osaremhen EA, Ademuyiwa A",2026,0,"Background: A variety of toxic effects of the hydrazines have been described, including autoimmune disturbances in humans, human leukemogenesis, alterations in the liver, kidney, central nervous system. 
Aim: This study aimed to determine whether Solanum macrocarpon aqueous leaf extract protect against Phenylhydrazine-induced hemato-toxicity and nephrotoxicity in anaemic male wistar rats. 
Materials and Methods: Thirty adult male Wistar albino rats (180-200g) divided into five groups of six rats each were used for the study: Group 1 served as normal control and received normal saline orally once daily. Group II served as anaemic control while Group III received only 300mg/kg aqueous leaf extract of Solanum macrocarpon orally once daily for 14 days. Group IV rats were induced with anaemia and thereafter treated with 300mg/kg aqueous leaf extract of Solanum macrocarpon orally once daily for 14 days while Group V were induced with anaemia and thereafter treated with 100mg/kg Ascorbic acid orally once daily for 14 days. Group II, IV and V were intraperitoneally induced haemolytic anaemia with 50mg/kg Phenylhydrazine for three consecutive days. All rats were sacrificed 24 hr after last extract treatment. 
Results: Acute toxicity study showed LD50 to be above 5000mg/kg as there was neither mortality nor toxicity observed up to the last dose of 5000mg/kg. Electrolyte concentration showed a significant decrease (p<0.05) in sodium ion and an increase in potassium ion concentration in Phenylhydrazine-induced anaemic rats which were however improved towards normalcy by Solanum macrocarpon leaf extract. Solanum macrocarpon significantly enhanced (p<0.05) Red blood cells, packed cell volume, haemoglobin and platelet count; significantly decreased (p< 0.05) levels of creatinine and urea as well as maintained blood glucose levels corroborated by histopathological findings. 
Conclusion: This study established Solanum macrocarpon leaf potential in modulating Phenylhydrazine-induced anaemia, electrolyte balance and nephrotoxicity in wistar rats.","rct","Ibom Medical Journal","4","10.61386/imj.v19i1.908","https://consensus.app/papers/acute-toxicity-and-effects-of-of-solanum-macrocarpon-leaf-u-ai/8294c427130b56139b68ff6dd6949c78/"
"Effects of phenylhydrazine or phlebotomy on peripheral blood, bone marrow and erythropoietin in Wistar rats","Phenylhydrazine and phlebotomy cause anemia in rats, with reticulocyte counts being more sensitive in predicting erythroid changes.","K. Criswell, A. Sulkanen, A. Hochbaum, M. Bleavins, Criswek K AA.WL.COM",2000,65,"This study was conducted to characterize better the response of rats to blood loss and hemolysis and to incorporate automated methods into the routine evaluations of those responses. Serial phlebotomies of 1.5-2.0 ml of blood per day for 5 days, or intraperitoneal injection of 50 mg kg(-1) phenylhydrazine (PHZ) for 3 days, were used to cause anemia associated with blood loss or hemolysis, respectively. Maximum decreases in red blood counts were observed on Day 3 in PHZ-treated animals (68%) and Day 4 in blood-loss animals (35%). In the routine complete blood count (CBC), hemoglobin, hematocrit/hemoglobin ratio and erythrocyte indices could be used to discriminate between the two treatments. Free plasma hemoglobin in PHZ-treated animals resulted in marked elevations of mean corpuscular hemoglobin (MCH) and mean corpuscular hemoglobin concentration (MCHC) with a 2:1 hematocrit/hemoglobin ratio rather than the anticipated 3:1 ratio. Although both groups of animals had elevated white blood cell counts, PHZ-treated animals also had monocytosis and basophilia. Reticulocyte counts were more sensitive than erythropoietin (EPO) concentrations in predicting erythroid changes. Maximum mean reticulocyte values were ca. 24% in serially phlebotomized animals and >99% in PHZ-treated rats. Plasma EPO levels were 4-10-fold higher than EPO levels in urine, kidney or liver. Flow cytometric differentials of rat bone marrow using 2, 7-dichlorofluorescin successfully predicted erythroid hyperplasia in both experimental groups. Erythrocyte indices returned to normal within 14 days and the remaining CBC parameters were normal within 28 days for both treatment groups. Reticulocyte counts remained slightly elevated on Day 28, but were normal when assessed at Day 56 in blood-loss and PHZ-treated animals.

Copyright 2000 John Wiley & Sons, Ltd","non-randomized experimental study","Journal of Applied Toxicology","2","10.1002/(sici)1099-1263(200001/02)20:1<25::aid-jat624>3.0.co;2-7","https://consensus.app/papers/effects-of-phenylhydrazine-or-phlebotomy-on-peripheral-criswell-sulkanen/99eb09396afe5b5a9d07f73fda1681ba/"
"Antioxidative and Antianaemic Potentials of Aqueous Leaf Extract of Lowveld Bead String (Alchornea laxiflora) in Phenylhydrazine-induced Anaemic Wistar Rats and Its Phytochemical Constituents","The aqueous leaf extract of Alchornea laxiflora shows antioxidative and antianaemic properties, likely due to its phytochemical constituents.","Oluwasola Michael Awolusi, A. O. Ojelabi, O. Otenaike, O. Ibrahim, Bolatito Ruth Ayotunde, Christopher Opeoluwa Awonubi, F. Bamisaye",2025,0,"Background: Anaemia, a public health concern, is characterized by a decrease in red blood cell count, hemoglobin, and packed cell volume. Phenylhydrazine, a toxic chemical, is commonly used to induce anaemia in experimental models. This study investigated the antioxidative and antianaemic effects of aqueous leaf extract of Alchornea laxiflora in phenylhydrazine-induced anaemic wistar rats.
Method: Qualitative phytochemical screening and HPLC analysis of the extract were carried out. Thirty female wistar rats weighing between 166-169 g were randomly divided into six (6) groups of five animals each. Groups 1 and 2 served as negative and positive control respectively and treated with 1 mL/kg body weight of distilled water only. Groups 2 to 6 were induced with anaemia by intraperitoneal injection of 36 µL/kg body weight of phenylhydrazine (PHZ). Groups 3 to 5 were treated with 500, 1000 and 1500 mg/kg body weight of aqueous leaf extract of A. laxiflora respectively while group 6 was treated with 2 mg/kg body weight of folic acid. The experiment lasted for 14 days after which the rats were sacrificed and their blood collected for hematological parameters. Antioxidative effects of the extract was also investigated.
Results: The results showed that the aqueous leaf extract of Alchornea laxiflora is rich in phytochemicals. The extract demonstrated antioxidative properties, as evidenced in its reductive effects on oxidative stress. It also revealed antianaemic effect where it significantly improved hematological parameters such as packed cell volume (PCV), haemoglobin (HB), mean corpuscular haemoglobin concentration (MCHC), mean corpuscular volume (MCV), and red blood cell (RBC).
Conclusion: This study confirmed the presence of various phytochemicals in the aqueous leaf extract of Alchornea laxiflora. The extract demonstrated antioxidative and antianaemic properties. The extract's protective effects against anaemia are likely attributed to its phytochemical constituents.","","The Nigerian Journal of Pharmacy","","10.51412/psnnjp.2025.37","https://consensus.app/papers/antioxidative-and-antianaemic-potentials-of-aqueous-leaf-awolusi-ojelabi/a2da7a7398585ac0b4d23ed5e356e007/"
"Mechanism of Haematotoxicity Induced by Phenylhydrazine: a Review","Phenylhydrazine (PHZ) causes anaemia due to peroxidation of RBC membrane lipids, potentially due to its autoxidation and interaction with membrane lipids and oxygen radicals.","B. Shwetha, H. S. Siddalingaprasad, S. Swamy, N. Nagalakshmi, M. Hariprasad",2019,5,"This work was carried out to show the effects of phenylhydrazine (PHZ) induced anaemic condition. Anaemic condition is defined as reduction in red blood cells (RBC) than normal number of red blood cells. The anti-anaemic activity can be studied using the changes in haematological parameters (PCV, RBC a Haemoglobin) influenced by PHZ [(40mg/kg p.o.)] in rats. PHZ, a potent chemical that causes different effects on different tissues at several levels. Administration of PHZ causes haemolytic anaemia, genotoxic effects and rose in iron absorption in spleen, liver and duodenum a causes change in iron metabolism. PHZ acts by activating immune response which triggers phagocytosis and also interfere with the binding of erythropoietin (EPO) receptors and further JAK-STAT pathway. PHZ also causes genotoxic effect by forming single strand DNA damage. In view of lipid peroxidation along with the formation of Thiobarbituric acid (TBA)-reactive malonyldialdehyde, it is recommend that PHZ induces anaemia as an outcome of peroxidation ofn RBC membrane lipids and this effect may be a upshot of the autoxidation of the drug and the interaction of membrane lipids and oxygen radicals","literature review","","","10.18231/j.joapr.2019.v.7.i.4.001","https://consensus.app/papers/mechanism-of-haematotoxicity-induced-by-phenylhydrazine-shwetha-siddalingaprasad/740f6a2faf545964b33d38d82fdd379d/"
"Evaluation of Haemopocitic Activity of Crotalaria juncea Seed Powder Suspension in Phenylhydrazine Induced Haemolytic Anaemia in Rats","Crotalaria juncea seed powder suspension significantly improves blood parameters and restores kidney, liver, and heart tissue pathology in rats with phenylhydrazine-induced haemolytic anemia, offering a potential anti-anemic treatment with fewer side effects.","Lalhriatpuii Lalhriatpuii, Y. Jyothi, Deepsika Chhetri, Syed Sohaila, G. Rachana",2024,0,"Objectives: To investigate the anti-anaemic activity of Crotalaria juncea seed powder suspension against phenylhydrazine induced haemolytic anaemia in rats. Methods: The seeds of Crotalaria juncea was subjected to preliminary phytochemical analysis. Anemia was induced by administering phenylhydrazine (40 mg/kg, i.p.) for 2 consecutive days. Antianemic activity of Crotalaria juncea was investigated at the dose of 200 mg/kg and 400 mg/kg, once daily for 21 days by estimating blood parameters and pathological changes in kidney, liver, heart, spleen, and heart. Findings: Crotalaria juncea was showed the presence of alkaloids, carbohydrates, tannins, flavonoids, and phenolic compounds. Iron content was found to be 5 mg/100 ml in Crotalaria juncea. Anemia induction by phenylhydrazine injections to rats caused significant decrease in red blood cells, hemoglobin, and packed cell volume. These decreased levels of RBCs, hemoglobin and PCV in blood was significantly improved by the treatment with Crotalaria juncea (p<0.05). A significant normalized clotting time equivalent to normal control groups was observed in group treated with C. juncea. Furthermore, Crotalaria juncea restored pathological changes in kidney, liver, and heart tissues near to normal. Novelty: The C. juncea can be used as anti-anemic treatment with fewer side effects. Keywords: Anaemia, Crotalaria juncea, Phenylhydrazine, Haemoglobin, Anti-anaemic activity","non-randomized experimental study","Indian Journal Of Science And Technology","","10.17485/ijst/v16i47.2989","https://consensus.app/papers/evaluation-of-haemopocitic-activity-of-crotalaria-juncea-lalhriatpuii-jyothi/5d0df5a85cf15ccf872b5e8864c72de8/"
"AMELIORATIVE ROLE OF FOENICULUM VULGARE SEED OIL ON PHYSIOLOGICAL DISORDERS ACCOMPANIED PHENYLHYDRAZINE-INDUCED TOXICITY IN MALE ALBINO RATS","FSO effectively reduces oxidative stress, haematological disturbances, liver and kidney panel abnormalities, and erythropoietin levels induced by PhH treatment in male rats.","Marwa A. E. Abd El-Maksoud, Aziza A. M. El-Shafey, M. Seliem, Dina. I. Nasr, Doaa S. Ibrahim",2025,0,"Phenylhydrazine (PhH) is an aromatic organic compound with broad applications in various fields, including chemistry, pharmaceuticals, and agriculture. Additionally, it serves as a model for studying toxicity in biological and medical research. This study aims to explore the potential of Foeniculum vulgare seed oil (FSO) as a natural remedy to mitigate the harmful effects of PhH toxicity. The experiment involved five groups of male rats: the control group was administered distilled water for 14 days; the FSO group received a daily oral dose of 0.5 ml/kg b.w. FSO for 14 days; the PhH group was intraperitoneally injected with 60 mg/kg b.w. PhH over three consecutive days; the FSO + PhH group was treated with FSO orally for 11 days before being injected with PhH; and the PhH + FSO group was given PhH injections for three days, followed by daily oral doses of FSO for 11 days. Blood samples were taken from the rats on day 15 to analyze haematological and biochemical levels. Rats treated with PhH exhibited elevated levels of malondialdehyde, leukocytes, liver panel, kidney panel, and erythropoietin, while catalase, superoxide dismutase, erythrocytes, haematocrit, haemoglobin, and thrombocytes levels were reduced relative to the control group. Administration of FSO to PhH-treated rats improved oxidative stress, haematological parameters, liver panel, kidney panel, and erythropoietin levels. In summary, FSO was effective in reducing the disturbances in oxidative stress, haematological parameters, liver and kidney panels, and erythropoietin levels induced by PhH treatment in rats.","rct","Assiut Veterinary Medical Journal","4","10.21608/avmj.2025.356157.1569","https://consensus.app/papers/ameliorative-role-of-foeniculum-vulgare-seed-oil-on-el-maksoud-el-shafey/a9ddd122ebe655149f9dc67446178fb2/"
"Evaluation of Anti-Anemic and Hemopoietic Effects of Drynaria quercifolia Rhizome Extract in Phenylhydrazine Induced Anemic Wistar Albino Rats","Drynaria quercifolia rhizome extract effectively reduces anemia and enhances antioxidant defense in erythrocytes in a phenylhydrazine-induced anemia model.","G. D, I. R, Gopalakrishnan P, V. R",2024,0,"This study aims to evaluate the in -vivo anti-anemic activity and antioxidant potential of the ethanolic rhizome extract of Drynaria quercifolia in a phenylhydrazine-induced anemia model using male Wistar albino rats. The rats were divided into five groups (n= 6). Group I (normal control) received regular feed and water. Anemia was induced in all groups except Group I through intraperitoneal administration of phenylhydrazine (40 mg/kg for 2 days). Group II (negative control) received phenylhydrazine only. Group III (positive control) received hematinic syrup (0.68 ml/kg). Group IV and V received the test extract at 200 mg/kg and 400 mg/kg, respectively, for 12 days. Hematological and serum biochemical parameters were evaluated to assess the anti-anemic effect, while enzymatic antioxidant potential was measured by serum level of superoxide dismutase and glutathione peroxidase. Results showed that treatment with EEDQ significantly improved hematological parameters, serum biochemical parameters and reversed oxidative stress markers, indicating its efficacy in reducing anemia and enhancing antioxidant defense in erythrocytes.","rct","International Journal of Pharmacy and Pharmaceutical Research","","10.25166/ijppr.2024.30.5.42","https://consensus.app/papers/evaluation-of-antianemic-and-hemopoietic-effects-of-d-r/8c1976f838be5080bbb89bf11c32c3cd/"
"Biochemical Studies on Phenylhydrazine Induced Experimental Anemic Albino Rats","Phenylhydrazine induced anemic albino rats showed increased oxidative stress and decreased antioxidants compared to healthy albino rats.","N. Madhikarmi, K. Murthy",2015,7,"INTRODUCTION: The present study evaluated the modulatory effects of diphenylhydrazine induced experimental wistar albino rats and also to assess various biochemical parameters in whole blood and red blood cell lysate. MATERIALAND METHODS: Twenty male albino rats weighing 180-200 gm were selected for the study and divided in two groups; ten phenylhydrazine dihydrochloride (PHZ) induced anemia and ten healthy control. Thiobarbituric acid reactive substances and lipid hydroperoxide were measured as lipid peroxidation parameter. The antioxidant vitamins A, C and E and enzymatic antioxidants; catalase, glutathione peroxidase and superoxide dismutase were also assessed. RESULTS: Phenylhydrazine induced anemic rats showed a significant increase in the lipid peroxidation and decrease in the antioxidants as compared to healthy rats. CONCLUSION: The study concludes that phenylhydrazine induced experimental anemic albino rats showed increased oxidative stress than compared with healthy albino rats. Journal of Universal College of Medical Sciences Vol. 3, No. 1, 2015: 41-47","non-randomized experimental study","Journal of Universal College of Medical Sciences","","10.3126/jucms.v3i1.13258","https://consensus.app/papers/biochemical-studies-on-phenylhydrazine-induced-madhikarmi-murthy/8db8411392175bc28712ef485a071ce1/"
"Pharmacological Study of Anti-Anemic Activity of Ethanol Leaf Extract of a Spice Plant (Piper guineense) on Phenylhydrazine-induced Anemia in Wistar Rats","Piper guineense leaf extract, particularly at medium and high doses, shows anti-anemic activity in wistar rats, reducing blood levels of red blood cells, hemoglobin, and hematocrit.","Tharcitus Chilaka Onwudiwe, Ngozi Ukamaka Madubuogwu, E. O. Ogbuagu, B. Azudialu, O.G. Dike",2026,0,"Anemia is a disease condition associated with reduced blood levels of red blood cells, hemoglobin, hematocrit and alteration other hematological indices, leading to decreased ability to transport oxygen in the body. It can be precipitated by many risk factors that may occur independently or concurrently. Tradomedicinal practice claims to treat anemia by use of herbal plants which are readily available, accessible and affordable when compared to pharmaceutical drugs. This work therefore sought to pharmacologically study the anti-anemic activity of a spice plant (Piper guineense) on phenylhydrazine-induced anemia in wistar rats. This was done by randomizing thirty adult male wistar rats into six groups (1-6) of five animals per group, measuring their hematological indices before (at day 0) and after (at day 7, 14 and 21) induction of anemia with phenylhydrazine (40 mg/kg, i.p.). Groups 1, 2 and 3 respectively served as normal, negative and positive control, while groups 4, 5 and 6 received Piper guineense leaf extract at 125, 250 and 500 mg/kg respectively. The results of this study shows that Piper guineense leaf extract particularly at medium and high doses, and with respect to negative control, ameliorates phenylhydrazine-induced alterations on hematological indices, by producing significant (p<0.05) lesser percentage decrease in blood levels red blood cells, hemoglobin and hematocrit, as well as exhibiting significant (p<0.05) lesser percentage increase in blood levels of other hematological indices analysed in this study. The results also indicate that Piper guineense leaf extract when compared to positive control, produces insignificant (p>0.05) activity, particularly at days 14 and 21. This study provides a robust scientific validation of tradomedicinal claim on Piper guineense leaf as anti-anemic agent, therefore recommends further studies that will unveil the bioactive principle(s) and the molecular mechanism/pathway responsible for the observed activity.","","EAS Journal of Pharmacy and Pharmacology","","10.36349/easjpp.2026.v08i01.003","https://consensus.app/papers/pharmacological-study-of-antianemic-activity-of-ethanol-onwudiwe-madubuogwu/37b512ab16d45cc386e70d1e9690ae28/"
"Solanum macrocarpon Leaf Ameliorates Phenylhydrazine-induced Hemolytic Anemia, Hepatotoxicity and Oxidative Stress in Wistar Rats","Solanum macrocarpon leaf extract effectively reduces Phenylhydrazine-induced hemolytic anemia, liver toxicity, oxidative stress, and inflammation in rats through its antioxidant and anti-inflammatory properties.","Usunomena, Ambrose, Rajamani",2025,1,"Several epidemiological studies have reported that the consumption and usage of plant food with bioactive content is associated with reduced incidence of pathologies. This study investigated the protective role of the aqueous leaf extract of&nbsp;Solanum macrocarpon&nbsp;against hemolytic anemia and liver toxicity caused by Phenylhydrazine in rats. The study was comprised of five groups (six albino rats each). Group 1 was normal control orally given normal saline once daily. Group II was an anemic group while Group III was orally given a daily dose of 300mg/kg Solanum macrocarpon&nbsp;aqueous leaf extract for 14 days. Group IV was induced with anemia and thereafter orally treated with 300mg/kg Solanum macrocarpon&nbsp;aqueous leaf extract for 14 days while Group V was induced with anemia and thereafter treated with 100mg/kg Ascorbic acid orally once daily for 14 days. Group II, IV, and V were intraperitoneally once daily induced hemolytic anemia with 50mg/kg Phenylhydrazine for three days consecutively. All rats were sacrificed on day 15. The observed significant reduction (p&lt;0.05) in red blood cell (RBC), hemoglobin (Hb), packed cell volume (PCV), and Platelet count following Phenylhydrazine-induced anemia were attenuated after Solanum macrocarpon administration. Phenylhydrazine-induced anemia also increased significantly (p&lt;0.05) aspartate transaminase (AST), alanine transaminase (ALT), alkaline phosphatase (ALP), lactate dehydrogenase (LDH), malondialdehyde (MDA), nitric oxide (NO) content with a concomitant decrease in catalase (CAT), superoxide dismutase (SOD), reduced glutathione (GSH), glutathione peroxidase (GPx), all mitigated and reversed toward normalcy by Solanum macrocarpon&nbsp;leaf and Ascorbic acid corroborated by hepatic histopathological analysis. Thus, Solanum macrocarpon&nbsp;comparing favorably with ascorbic acid administration attenuated Phenylhydrazine-induced hemolytic anemia, toxicity, oxidative stress, and inflammation via mechanisms that involved its antioxidant and anti-inflammatory properties.","rct","Tropical Journal of Natural Product Research","3","10.26538/tjnpr/v9i6.44","https://consensus.app/papers/solanum-macrocarpon-leaf-ameliorates-usunomena-ambrose/367c564ed4fe541e9480d32dde468334/"
"BIOCHEM ICAL STUDIES ON PHENYLHYDRAZINE INDUCED EXPERIMENTAL ANEM IC ALBINO RATS BIOCHE MICAL STUDIES ON PHENYL HYD RAZ INE INDUCE D EXPERIMENTAL ANE MIC ALB INO RATS","Phenylhydrazine-induced anemia in albino rats leads to increased oxidative stress and decreased antioxidants compared to healthy rats.","Kora Rudraiah, S. Murthy",2015,0,"INTRODUCTION: The present study evaluated the modulatory effects of diphenylhydrazine induced experimental wistar albino rats and also to assess various biochemical parameters in whole blood and red blood cell lysate. MA TERIAL AND METHODS: Twenty male albino rats weighing 180-200 gm were selected for the study and divided in two groups; ten phenylhydrazine dihydrochloride (PHZ) induced anemia and ten healthy control. Thiobarbituric acid reactive substances and lipid hydroperoxide were measured as lipid peroxidation parameter. The antioxidant vitamins A, C and E and enzymatic antioxidants; catalase, glutathione peroxidase and superoxide dismutase were also assessed. RESUL TS: Phenylhydrazine induced anemic rats showed a significant increase in the lipid peroxidation and decrease in the antioxidants as compared to healthy rats. CONCLUSION: The study concludes that phenylhydrazine induced experimental anemic albino rats showed increased oxidative stress than compared with healthy albino rats.","","","","","https://consensus.app/papers/biochem-ical-studies-on-phenylhydrazine-induced-rudraiah-murthy/8de5098f5cdf5bbbb763ac69dbf1fb5c/"
"Protective effects of Helicteres isora L. fruit extract on phenylhydrazine-induced hemolytic anemia in rats","The aqueous fruit extract of Helicteres isora L. significantly protects against phenylhydrazine-induced hemolytic anemia in rats, improving blood parameters and preventing pathological changes.","Vaishnavi Gomase, Prajakta H. Murudkar, C. S. Mote, Akshay M. Baheti, Amol A. Tagalpallewar, Anil T. Pawar",2024,1,"","non-randomized experimental study","Pharmacological Research - Natural Products","1","10.1016/j.prenap.2024.100021","https://consensus.app/papers/protective-effects-of-helicteres-isora-l-fruit-extract-on-gomase-murudkar/2c6783d900bc59679e959981e5e84cc8/"
"Effect of Feeding with Spirulina and Folic Acid on Some Biochemical Parameters and Histological of Laboratory Rats (Albino Rats) with Induced Anemia","Feeding rats with spirulina and folic acid improves liver enzymes and blood lipid profile, reducing anemia-induced liver damage.","Zyad Tariq Hussein, Sami Khudhur Saeed",2025,0,"The current study aims to evaluate the preventive effects of extracts of spirulina and folic acid in treating phenylhydrazone-induced anemia and to study some biochemical and histological alterations on blood parameters, blood lipid profile, The liver and renal functioning has been used and divided into five groups of 5 animals per group at random in plastic cages. The groups were as follows. The first group was the health control group fed the standard diet. The second group was the anemia-induced group, which was injected subcutaneously with Phenylhydrazine (PHZ) (20 mg/kg body weight for 48 hours). The third group received spirulina extract at a dosage of (100 mg/ml). The fourth group received folic acid extract at a dosage of (40 mg/ml). The fifth group received extracts of spirulina and folic acid at a combined concentration of (20 mg/ml) of folic acid and (50 mg/ml) of spirulina. The dose was administered given orally. The study found that PHZ) C6H5NHNH2(injection led to a substantial decrease (P ≤ 0.05) compared to the healthy control group in liver enzymes ALT, AST, and affected the blood lipid profile, as the values ​​of total TC, TG, LDL, and VLDL levels all rose, but HDL levels decreased as compared to the values in the healthy control group. Dosing the rats previously injected with PHZ with spirulina and folic acid resulted in a beneficial effect and improvement in liver enzymes, as the values of ALT and AST reduced while the blood lipid profile improved.","rct","Tikrit Journal of Pure Science","","10.25130/tjps.v30i1.1698","https://consensus.app/papers/effect-of-feeding-with-spirulina-and-folic-acid-on-some-hussein-saeed/b2a5df651a305ff789290f556187f1b3/"
"Ameliorative Potential of Fresh Clam Extract (Egeria radiata) on some Antioxidant and Biochemical Parameters of Wistar Rats Exposed to Phenylhydrazine-Induced Toxicity","Fresh clam extract (Egeria radiata) can increase HDL and liver function markers in rats exposed to phenylhydrazine-induced toxicity, promoting its consumption.","A. N. Archibong, V. Oka, Atim I. Okpoene, S. U. Uquetan, Sonnie E. Oyama, Abah V. Joseph, Clement O. Okoi",2026,0,"Phenylhydrazine (PHZ) causes poisoning in different cells at different concentrations by increasing reactive oxygen species (ROS) thereby causing damage to red blood cells, which can trigger anemia. This research aimed at studying the effect of Clam extract on some antioxidants and biochemical parameters of wister rats exposed to Phenylhydrazine-induce toxicity. Forty (40) male wistar rats (180 to 240g) were used for this research. Group 1 served as the Control, Group 2 received 30g/100g fresh clam extract orally. Group 3 received phenylhydrazine induction at a dose of 40mg/kg body weight intraperitoneally. Group 4 received extract-30g/100g and Phenylhydrazine-40mg/kg. At the end of the treatment period, the animals were subjected to ketamine anesthesia and blood samples were collected via cardiac puncture for analysis. The results showed a decline (P < 0.05) in antioxidant markers, liver enzymes, K+, HCO3-, Fe2+, and Ca2+ and HDL-c in the PHZ group compared with that of the control however, this was reversed following the treatment with fresh clam extract. Also, Na+, Cl- , TC, TG, LDL-c and vLDL-c concentrations were increased (P<0.05) in PHZ compared with that of the control group but this was reversed following the administration of fresh clam extract. In conclusion, fresh clam extract (Egeria radiata) was able to increase HDL and markers of liver function through its omega-3 and antioxidant activities, which were reduced due to PHZ administration. This shows that Egeria radiate possesses antioxidant and antiatherogenic ability therefore, its consumption should be encouraged.","rct","Tropical Journal of Natural Product Research","3","10.26538/tjnpr/v10i4.3","https://consensus.app/papers/ameliorative-potential-of-fresh-clam-extract-egeria-archibong-oka/c9eaf544586a5b42a7ee97747d2f1821/"
"THE ROLE OF ALOE VERA ON HAEMATOLOGICAL PARAMETERS FOLLOWING PHENYLHYDRAZINE (PHZ)-INDUCED ANAEMIA IN WISTAR RATS","Aloe vera treatment shows potent ameliorative effects on haematological parameters in phenylhydrazine-induced anaemic rats, increasing Hb, RBC count, and total white cell count.","E. J. Ani, A. Ime, A. L. Udefa, Udeme Okon",2018,1,"The effect of Aloe vera on some haematological indices in phenylhydrazine-induced anaemic rats was studied. Fifteen female wistar rats weighing 180-220grams were used for this study. They were randomly divided into three groups (n=5) thus: Group A: Control ; Group B: Induced with anaemia using PHZ at a dose of 0.5ml/100g body weight on days 1, 3, 5 and 7. Group C received the same treatment as B and additionally treated daily with aloe vera gel administered orally at a dose of 0.6ml/kg b.w., one week after induction of anaemia. All groups received normal rat chow and water ad libitum. The feeding and treatment lasted for 28days and thereafter, the rats were subjected to sacrifice following standard methods and blood collected via cardiac puncture into EDTA sample bottles for analysis. Aloe vera treated group showed a significant increase in the mean food and water intake compared to B. A marked reduction in body weight was seen in group C compared to control while aloe vera treated group showed a significant increase in body weight compared to group B. A marked decrease in Hb, RBC count was seen in group B compared to control. Conversely, Aloe vera treated group had a significant increase in Hb and RBC count when compared to group B. Total white cell count was significantly increased in group B compared to control and Aloe vera treated groups. This trend was also observed for platelet count. From these results, Aloe vera treatment showed potent ameliorative effect following anaemia.","rct","","","","https://consensus.app/papers/the-role-of-aloe-vera-on-haematological-parameters-ani-ime/89b2983efead56109daf7d542af041c0/"
"Protective Effect of Cynara scolymus L. on Blood Biochemical Parameters and Liver Histopathological Changes in Phenylhydrazine-Induced Hemolytic Anemia in Rats","Hydroethanolic Extract of Cynara scolymus (HECS) has hepatoprotective effects against PHZ-induced toxicity in rats, potentially due to its antioxidative activity.","Milad Allahmoradi, S. Alimohammadi, Hadi Cheraghi",2020,12,"Background: Artichoke (Cynara scolymus) possesses bioactive components with antioxidant 
effects. This plant has been widely used in traditional medicine. 
Objectives: The current study aimed to examine the protective activity of Hydroethanolic 
Extract of Cynara scolymus (HECS) against experimentally-induced hemolytic anemia in rats. 
Methods: Hemolytic anemia was induced by intraperitoneal injection of Phenylhydrazine 
(PHZ) 40 mg/kg for 2 days. PHZ induces oxidative stress and reactive oxygen species formation, 
which causes hemolytic anemia. Thirty male Wistar rats were divided into 5 groups (n=6 for 
each group). Group 1 (normal control) was injected with normal saline. Group 2 (anemic 
control) received only PHZ. Groups 3 to 5 were injected with 100, 200, 400 mg/kg of the 
HECS by gavage, respectively, daily from day 2 to day 15 after PHZ administration. At the 
end of the treatment period, their blood and liver samples were collected for biochemical and 
histopathological analysis. 
Results: The results indicated that serum Alkaline Phosphatase (ALP), alanine aminotransferase 
(ALT), Aspartate Aminotransferase (AST), and Lactate Dehydrogenase (LDH) levels in the PHZ 
(anemic) group were significantly higher than those in the control group (P<0.05). A significant 
decrease in serum liver enzymes was determined in rats treated with HECS at different doses 
compared with the untreated anemic rats (P<0.05). Also, HECS significantly attenuated body 
weight loss in the PHZ group (P<0.05). Besides, based on the histopathological evaluation, 
HECS improved disarrangements of the liver parenchyma due to PHZ-induced hepatotoxicity. 
Conclusion: HECS has hepatoprotective effects against PHZ-induced toxicity presumably by 
its antioxidative activity.","rct","Pharmaceutical and Biomedical Research","","10.18502/pbr.v5i4.2397","https://consensus.app/papers/protective-effect-of-cynara-scolymus-l-on-blood-allahmoradi-alimohammadi/af68b45140765144bdd4d58f502d14f6/"
"Effect of Combined Methanol Extract of Mucuna Poggei and Justicia carnea Leaves on Hematological Indices and Biochemical Indices of Phenylhydrazine Induced Anaemic Albino Rats","Combined methanol extract of Mucuna poggei and Justicia carnea leaves significantly improves anaemia in albino rats by restoring hepatic and renal function biomarkers.","Ikenna Nnaoma, C. Unegbu, C. Okeke, Uchenna Enete",2023,0,"All parts of Mucuna poggei and Justicia carnea have been known to possess valuable medicinal properties. This calls for the need to determine the effect of combined methanol extract of mucuna poggei and justicia carnea leaves on hematological and biochemical indices of phenylhydrazine induced anaemic albino rats. The study was done using 60 male albino rats. The rats were divided into five groups of five (5) rats each. Group 1 (non-anaemic) was administered water and feed only which served as Normal control. Group 2 was administered Phenylhydrazine only which served as negative control. Group 3 through 5 were Phenylhydrazine induced anaemia treated with combined extract (1:1) at 200 mg/kg, 400 mg/kg and 600 mg/kg respectively. The results showed a significant (p<0.05) increase in Hepatic and renal biomarkers (ALT, AST, ALP, Urea, Creatinine) of the anaemic (negative) control. The combined extract significantly restored the alteration through significant (p<0.05) dose dependent decrease in the assayed hepatic and renal function biomarkers. The hematological indices of the treated rats were maintained compared to the anaemic control. The study showed great potential of combined methanol extract of Mucuna poggei and Justicia carnea leaves capable of ameliorating anaemia.","rct","Saudi Journal of Medical and Pharmaceutical Sciences","","10.36348/sjmps.2023.v09i09.006","https://consensus.app/papers/effect-of-combined-methanol-extract-of-mucuna-poggei-and-nnaoma-unegbu/b40a5b7268fa5ced82339dc87147bddd/"
"Amelioration of Lipid Peroxidation and Antioxidant Enzymes Status in the Serum and Erythrocytes of Phenylhydrazine-Induced Anemic Male Rats: The Protective Role of Artichoke Extract (Cynara scolymus L.)","Cynara scolymus extract protects against PHZ-induced anemia in male rats by reducing oxidative stress and improving hematological parameters.","Milad Alahmoradi, S. Alimohammadi, Hadi Cheraghi",2020,3,"BACKGROUND: Hemolytic anemia is a disorder characterized by the premature erythrocytes destruction. Phenylhydrazine (PHZ) induces oxidative stress and reactive oxygen species (ROS) formation, which causes hemolytic anemia. Cynara scolymus due to its antioxidant compounds, has been used for various therapeutic purposes in traditional medicine. OBJECTIVES: The present study was designed to evaluate the effects of Cynara scolymus extract on PHZ -induced anemia in male rats. METHODS: Hemolytic anemia was induced by intraperitoneal injection of PHZ (40 mg/kg) for 2 days. Thirty male Wistar rats were divided into five groups. Group 1 (normal control). Group 2 (anemic control) received only PHZ. The groups 3 to 5 were injected with 100, 200, 400 mg/kg of the Cynara scolymus by gavage, respectively, daily from day 2 to day 15 after PHZ administration. At the end of the treatment period, blood samples were collected to assess hematological parameters, malondialdehyde (MDA) level and antioxidant enzymes activity, including superoxide dismutase (SOD) and total antioxidant capacity (TAC) in the serum and erythrocytes. RESULTS: In anemic rats, serum and erythrocytes MDA level increased, but SOD and TAC activity de- creased significantly when compared with control group (p ≤ 0.05). These changes were ameliorated by treat- ment with Cynara scolymus at different doses (p ≤ 0.05). Also, improvement in several hematological param- eters was observed in anemic rats after administration of Cynara scolymus (p ≤ 0.05). CONCLUSIONS: Cynara scolymus extract exhibits protective property against PHZ-induced oxidative stress presumably due to antioxidative activity.","rct","Iranian Journal of Veterinary Medicine","2","10.22059/ijvm.2020.291552.1005038","https://consensus.app/papers/amelioration-of-lipid-peroxidation-and-antioxidant-alahmoradi-alimohammadi/5f20587d01145d6e9a23cfd4ec874797/"
"Biochemical Potentials of Ethanol Leaf Extract of C. aconitifolius in Phenylhydrazine Induced Anemia in Rats","Ethanol leaf extract of Cnidoscolus aconitifolius (EECA) leaves effectively restores haematological parameters in phenylhydrazine-induced anemic rats, with 100 mg/kg bodyweight yielding the best results.","O. C. Ezeigwe, Valentine Nwobodo, E. L. Iloanya",2025,0,"Aim: Anemia is a common health challenge caused by a decrease in hemoglobin concentration, packed cell volume and red blood cells. Some medicinal plants have antianaemic properties and can be used as a remedy to treat anemia. This study investigates the anti-anemic properties of ethanol extract of Cnidoscolus aconitifolius (EECA) leaves in phenylhydrazine-induced anemic rats. 
Methods: Acute toxicity (LD50) was done using Lorke’s method. Twenty-five (25) male Wistar albino rats were randomly divided into five groups of five rats each and used for the antianemic studies. Group A, B, and C served as the normal control, anemic untreated (negative control), and anemic group treated with 1ml/kg emzoron (positive control), respectively. Groups D and E were treated with 100mg/kg and 200mg/kg of ethanol extract of C. aconitifolius respectively by oral gavage once a day for 14 days. Anemia was induced by intraperitoneal injection of 20 mg/kg phenylhydrazine for four consecutive days in groups B to E. At the end of 14 days treatment, biochemical analysis were done using standard diagnostic methods and haematological parameters were analysed using an automated haematology analyzer (Mindray-BC-5300). 
Results: The result of the LD50 study showed that the extract may not be very toxic. The extract was able to restore the impaired biochemical parameters caused by phenylhydrazine to normal after 14 days of treatment. The antianemic effects of EECA was demonstrated by significant increases (p<0.05) in the hemoglobin (HGB), packed cell volume (PCV) and red blood cell (RBC) count of the extract-treated groups after 14 days of treatment compared to the anemic untreated control group. There was a better increase in the hemoglobin levels of 100 mg/kg EECA (13.40±0.35) compared to 200 mg/kg EECA (12.50±0.45). Also, the packed cell volume increased more in 100 mg/kg EECA (40.97±0.87) compared to 200 mg/kg EECA (38.73±1.63). A better increase was observed in the red blood cell count of 100 mg/kg EECA (5.83±0.35) compared to 200 mg/kg EECA (5.55±0.44). 
Conclusion: The EECA was well tolerated by the animals as was seen from the results of the biochemical parameters. The extract also improved the haematological parameters of the animals. The animals that were treated with 100 mg/kg bodyweight yielded a far much better result by totally restoring the haematological parameters of the phenylhydrazine-induced anemic rats to normal without any observable alterations in the biochemical parameters investigated.","rct","International Journal of Biochemistry Research &amp; Review","","10.9734/ijbcrr/2025/v34i41017","https://consensus.app/papers/biochemical-potentials-of-ethanol-leaf-extract-of-c-ezeigwe-nwobodo/d031ab5f351d554a8e241ead1247f9b1/"
"Evaluation of the effect of methanol leaf extract of Amaranthus spinosus on hematological and serum electrolytes level in phenylhydrazine induced anemia in wistar albino rats","Methanol leaf extract of Amaranthus spinosus is not toxic and could be helpful in treating anemia without causing significant changes in potassium, sodium, or haemoglobin levels.","N. Andrew, M. Nkechi, Nwaka Chinyere, Amu Paschal",2022,0,"The study was carried out to evaluate the effect of methanol leaf extract of Amaranthus spinosus on hematological and serum electrolytes level in phenylhydrazine induced anemia in wistar albino rats. The twenty five (25) albino rats weighing 155-160g were used for the study. They were allowed to acclimatize for one week with free access to feed and water. After acclimatization, they were randomly distributed into five groups (A, B, C, D and E) of 5 rats each. The administration of the leaf extract was oral with the aid of an intubation tube. The groups received different doses of methanol extract of the plant, Amaranthus spinosus as follows: Group A: was normal control group administered normal saline and feed. Group B: was (positive control) group received 10mg/kg body weight of phenylhydrazine (untreated). Group C: was (standard control) group administered with phenylhydrazine and treated with Hemoglobin 12 (standard drug). Group D: was induced anaemia and were treated with 200mg/kg body weight of methanol extract of Amaranthus spinosus leaves, and Group E: was induced anaemia and were treated with 400mg/kg body weight of methanol extract of Amaranthus spinosus leaves. At the end of 28 days the blood samples were collected from rats through the ocular vein for biochemical and haematological assays using standard biochemical methods. The results also revealed no significant difference (P>0.05) in Potassium (K + ) and Sodium (Na + ) concentration of rats treated with methanol leaf of Amaranthus spinosus when compared to normal control group. However, there was significant increase (P>0.05) in chloride (Cl - ) with the rats treated with the plant extract when compared to the normal control group. The results of haematological studies showed no significant difference (P>0.05) in Packed cell volume (PCV),and Haemoglobin (HB) levels in treated rats when compared to normal control groups. The result of the study therefore, suggests that the leaf extracts are not toxic and could be helpful in treatment of anemia","rct","","","","https://consensus.app/papers/evaluation-of-the-effect-of-methanol-leaf-extract-of-andrew-nkechi/28bc3e5aa0155e649a7fa99c55df6f55/"
"Effects of Atriplex hortensis Hydroalcoholic Extract on Phenyl-hydrazine Induced Hemolytic Anemia in Rat","Atriplex hortensis hydroalcoholic extract effectively inhibits hemolytic anemia induced by phenyl-hydrazine in rats, improving blood SOD activity and hematological parameters.","Parham Mardi, H. Huseini, M. Ahvazi, B. Tavakoli-Far",2020,3,"Hemolytic anemia is a hematological disorder occurs owing to the excessive hemolysis of red blood cells. Atriplex hortensis (A. hortensis) leaves are traditionally used for prevention and treatment of anemia. The present study was performed to assess the effects of A. hortensis extract on phenyl-hydrazine induced hemolytic anemia in rat. Thirty-six, six months old, male Wistar rats were randomly divided into six groups of 6 rats each. One group received normal saline and other 5 groups received 40 mg/kg phenyl-hydrazine (PHZ) intraperitoneally at baseline and on day 33 for induction of hemolytic anemia. Four PHZ treated groups received daily oral doses of 50, 100, 200, and 300 mg/kg/day A. hortensis extract for 31 days and one PHZ treated group kept as control received saline accordingly. Blood superoxide dismutase (SOD) activity and blood hematological parameters such as hematocrit (HCT), red blood cell (RBC), reticulocyte (Ret) and hemoglobin (HGB) were determined in all groups after 34 days of the study. The blood RBC, HGB and HCT parameters were significantly lowers and Ret increased significantly in PHZ control group compared with the normal saline treated group. In A. hortensis extract (100, 200, and 300 mg/kg/day) treated groups the blood HCT, RBC and HGB parameters were significantly increased and Ret decrease, compared with PHZ control group,  The blood SOD enzyme activity was significantly improved in all A. hortensis treated groups compared with PHZ control group. A. hortensis extract improved blood SOD activity and blood HCT, RBC, Ret and HGB parameters indicating inhibition of hemolytic anemia induced by phenyl-hydrazine in rat.","rct","","","10.22092/jmpb.2020.352222.1276","https://consensus.app/papers/effects-of-atriplex-hortensis-hydroalcoholic-extract-on-mardi-huseini/6dcd852f06745a02ab9da8403fa14695/"
"Terminalia catappa attenuates phenylhydrazine-induced anaemia and hepato-renal toxicity in male Wistar rat by boosting blood cells, modulation of lipoproteins and up-regulation of in vivo antioxidant armouries","Terminalia catappa leaf extract reduces anaemia and hepato-renal toxicity in male Wistar rats by boosting blood cells, modulating lipoproteins, and up-regulating antioxidant defenses.","E. Umoren, J. Asiwe, I. Okon, Amangieka Albert Levi, C. Nyenke, A. C. Nnamudi, E. Modo, A. Bassey, G. Nwikue, O. Etim",2023,6,"Aim: This study investigated the haematinic, antihyperlipidaemic, hepato-renal protective effects of Terminalia catappa aqueous leaf extract on male Wistar rats exposed to phenylhydrazine toxicity.

Methods: Animals were exposed to phenylhydrazine (PHZ) 50 mg/kg intraperitoneal for two consecutive days thereafter, treated with T. catappa extract (100 mg/kg and 200 mg/kg) orally for 21 days. After the experimentation, animals were sedated with ketamine (70 mg/kg) and euthanized by cervical dislodgement. Blood and organs were collected for haematology and biochemical studies following standard laboratory methods.

Results: Our study showed that T. catappa significantly increased erythrocytes, haemoglobin, haematocrit and high density lipoprotein as well as down-regulating leukocytes, thrombocytes, ALP AST, ALT creatinine, urea, total cholesterol as well as low density lipoprotein. The liver, kidney and spleen antioxidant defence were also up-regulated against the adverse effect caused by phenylhydrazine exposure.

Conclusion: Terminalia catappa attenuated Phenylhydrazine-induced anaemia and hepato-renal toxicity in male Wistar rat by boosting blood cells, modulation of lipoproteins and up-regulation of in vivo antioxidant armouries.","non-randomized experimental study","Biomarkers","3","10.1080/1354750x.2023.2166588","https://consensus.app/papers/terminalia-catappa-attenuates-phenylhydrazineinduced-umoren-asiwe/e84a046b987e50099fc9156cf76c7683/"
"Therapeutic efficacy of Punarnavadi mandura against phenylhydrazine-induced hemolytic anemia in rats","Punarnavadi Mandura, a traditional Ayurvedic herbomineral preparation, effectively reverses pathological changes associated with hemolytic anemia in rats, potentially contributing to erythropoiesis and inhibiting TNF- activity.","Kayalvizhi Rajendran, D. Chellappan, Vigneshwar Ramakrishnan, U. Krishnan",2024,7,"","non-randomized experimental study","Journal of Traditional and Complementary Medicine","1","10.1016/j.jtcme.2024.03.017","https://consensus.app/papers/therapeutic-efficacy-of-punarnavadi-mandura-against-rajendran-chellappan/d0a75e0f8d3951fd973553f41f04eab7/"
"Haematinic Effects of Aqueous Extract of Lophira lanceolata Leaves in Phenylhydrazine-induced Anaemia in Wistar Rats","The aqueous extract of Lophira lanceolata leaves possess haematinic activity, making it useful in managing anaemia.","Iserhienrhien Lucky Osafanme, Sheneni Victor Duniya, Nweje-Anyalowu Paul Chukwuemeka, O. Mercy, I. Adejoh",2019,8,"Aim: The haematinic activity of the aqueous extract of Lophira lanceolata leaves was investigated using rat model of phenylhydrazine-induced anaemia. 
Methods and Results: Red Blood Cell (RBC) count, Haemoglobin (Hb) concentration and Packed Cell Volume (PCV) were analysed as indices of anaemia. Following phenylhydrazine administration to rats at a dose of 10 mg/kg for 8 days, a significant decrease (P<0.05) in the haematological parameters was observed indicating anaemia. However, treatment with graded doses (200, 400 and 800 mg/kg) of the aqueous extract of Lophira lanceolata leaves produced a significant (P<0.05) increase in the RBC count, Hb concentration and PCV time- and dose- dependently. 
Conclusion: It was concluded that Lophira lanceolata leaves possess haematinic activity, making it useful in the management of anaemia.","non-randomized experimental study","Asian Journal of Research in Biochemistry","","10.9734/ajrb/2019/v4i130057","https://consensus.app/papers/haematinic-effects-of-aqueous-extract-of-lophira-osafanme-duniya/36a17383bdbb57c7b8184488c4d462a9/"
"HPLC profiling and studies on Copaifera salikounda methanol leaf extract on phenylhydrazine-induced hematotoxicity and oxidative stress in rats","Copaifera salikounda methanol leaf extract (CSMLE) possesses anti-anemic potentials and attenuates spleenotoxic effects of phenylhydrazine in rats.","C. Aloke, Chinedum Uche Emelike, Nwogo Ajuka Obasi, Patience Nkemjika Ogbu, Chuks Oswald Edeogu, Chinedu Godwin Uzomba, O. Ekakitie, Adeolu Adewale Iyaniwura, Chukwubuike Cyprian Okoro, Blessing Peter Okey, Glory Ginikachukwu Aninjoku, Bature Charles Ushahemba",2021,9,"","","Arabian Journal of Chemistry","1","10.1016/j.arabjc.2021.103428","https://consensus.app/papers/hplc-profiling-and-studies-on-copaifera-salikounda-aloke-emelike/adda43dab6735ccd9b144b9981ebc3bd/"
"Protective effect of quercetin compared to silymarin against phenylhydrazine induced anemia","Quercetin has a protective effect in phenylhydrazine-induced hemolytic anemia and is a more potent antioxidant than silymarin.","R. Baker, Fatma A. Gad, K. Fararh",2021,2,"This study has developed to evaluate the protecting effect of Quercetin in phenylhydrazine (PHZ) induced hemolytic anemia comparing to traditional used antioxidant (Silymarin). For that 45 male white Albino rats were randomly allocated into 5 groups, control group, phenylhydrazine group (PHZ) which injected by PHZ (20 mg/kg b.w, I/P at day 7th, 8th and 9th), Quercetin+PHZ group (Quercetin, 50 mg/kg b.w per os every day for 16 days), silymarin+PHZ group (Silymarin, 100 mg/kg b.w per os every day for 16 days) and Quercetin group. Serum samples of these groups were collected after 3, 5 and 10 days after injection of PHZ and used for biochemical and oxidative stress analysis. Also, specimens from spleen were collected for histopathologial examination. The results of this study showed that, Quercetin ameliorated phenylhydrazine effect on total protein, total bilirubin, direct and indirect bilirubin, LDH, iron and ferritin levels. Also, Quercetin improved levels of oxidative stress parameters GSH, SOD and MDA, and had protective effect on tissue of spleen. Therefore, Quercetin had protective effect in experimental phenylhydrazine-induced hemolytic anemia. Also it was more potent antioxidant than Silymarin.","rct","Benha Veterinary Medical Journal","","10.21608/bvmj.2021.64767.1343","https://consensus.app/papers/protective-effect-of-quercetin-compared-to-silymarin-baker-gad/aaabfcfbdbf35615818af3e60b102720/"
"Whole blood exchange ameliorates acute hemolytic anemia by reducing inflammation and oxidative stress in rats","Whole blood exchange effectively reduces mortality and improves anemia in drug-induced hemolytic anemia by suppressing oxidative stress and inflammation in rats.","Siya Pei, Yanjie Wang, Run Yao, Zhimin Zhang, Wenyu Yin, Ning Li",2025,2,"Hemolytic anemia (HA) is characterized by massive destruction of red blood cells (RBCs) and insufficient oxygen supply, which can lead to shock, organ failure, even death. Recent studies have preliminarily demonstrated the therapeutic effectiveness of whole blood exchange (WBE) in the management of acute hemolytic anemia and exhibited potential for reducing the duration of corticosteroid treatment, while the underlying mechanism of WBE therapy was not investigated in preclinical study. Hence, we investigate the therapeutic mechanisms of WBE in HA through established continued WBE therapy in rats creatively. This study aims to examine the mechanism of WBE on phenylhydrazine hydrochloride-induced hemolytic anemia in SD rats to aid the development of therapeutics for drug-induced hemolytic anemia (DIHA). Research results demonstrated the efficacy of WBE therapy in reducing mortality and ameliorating anemia in DIHA, as evidenced by significant improvements in representative hematological parameters such as RBCs, hemoglobin, and lactate dehydrogenase levels. Additionally, WBE indicated the ability to suppress oxidative stress and inflammation, and it mitigated organ damage and biochemical function by stabilizing hepatic ferroportin levels and decreasing organ iron content. These results highlighted the effectiveness of WBE as an innovative treatment for HA, furnishing evidence to prioritize it over traditional blood transfusion for severe anemias.

© 2025 The Author(s). The FASEB Journal published by Wiley Periodicals LLC on behalf of Federation of American Societies for Experimental Biology.","non-randomized experimental study","The FASEB Journal","1","10.1096/fj.202401748rr","https://consensus.app/papers/whole-blood-exchange-ameliorates-acute-hemolytic-anemia-pei-wang/bfe041241c215ee3bae8012c38336723/"
"Grape seed oil protects against phenylhydrazine-induced hemolysis in rats","Grape seed oil effectively reduces phenylhydrazine-induced anemia in rats due to its antioxidant, anti-inflammatory, and ferritin storage properties.","Reema Turkistani",2026,1,"Hemolytic anemia leads to mortality and morbidity if untreated. We evaluated the potential of Grape Seed Oil (GSO) against phenyl hydrazine (PHZ)-induced hemolytic anemia in rats. In this study, thirty male albino rats aging four weeks were randomly allocated to five groups with six rats per group: control (Group I), received a single dose of 0.1 mol/L citrate buffer. Group II, normal rats received GSO orally daily for 30 days. Groups (III-V): Rats received PHZ dissolved in dimethyl sulfoxide (DMSO) i.p, at dose of 10 mg/kg for 4 days. Rats in group IV and V were treated orally daily with GSO starting from day 6 for one month at 2 mL/kg body weight (bw) or 4mL/kg bw, respectively. The analysis of GSO by gas chromatography/mass spectrometry (GC/MS ) showed the presence of 1-Eicosanol, Behenic alcohol, 2-Piperidinone, N-[4-bromo-n-butyl]-, 2,6-Octadiene, Pentanoic acid, 10-undecenyl ester, 1-Hexacosanol and Undec-10-ynoic acid, dodecyl ester. In addition, different amount of fatty alcohol as  1-Heptacosanol. It was concluded that GSO ameliorates PHZ-induced anemia in rats. The effect of GSO was due to its phytochemical components which enhance antioxidant capacity and anti-inflammatory effect. In addition, GSO increased ferritin storage and transferrin. We recommend the isolation of the compounds and performing mechanistic studies of their mode of action.","rct","Journal of Biological Research - Bollettino della Società Italiana di Biologia Sperimentale","","10.4081/jbr.2026.14262","https://consensus.app/papers/grape-seed-oil-protects-against-phenylhydrazineinduced-turkistani/936a26685dff5627ab936608372d4ac9/"
"Anti-Anemic Potential of a Herbal Recipe Against Phenylhydrazine-Induced Anemia in Rats","A herbal recipe composed of Xylopia aethiopica, Zanthoxylum leprieurii, and Harungara madagascariensis effectively treats phenylhydrazine-induced anemia in rats, increasing hemoglobin, red blood cell count, and hema","Tatiana Kangah Mireille Kple, Joel Akakpo-Akue, Konan Armand Marcelin Kouassi, S. Ouattara, Gbe Kouakou N’Dri Ange Konan, Diane Koulai, Larissa Adjoua Kouadio, Chiaye Claire Antoinette Yapo-Crezoit, Adou Koffi Mattieu Kra, Allico Joseph Djaman",2023,3,"Anemia is characterized by an abnormal decrease in the level of hemoglobin or the number of red blood cells in the blood. It is a public health problem that mainly affects pregnant women and young children. In the present study, the objective was to evaluated the anti-anemic potential of a recipe composed of three medicinal plants, <i>Xylopia aethiopica </i>(Dunal) A. Rich<i>, Zanthoxylum leprieurii (GUILL) </i>and<i> Harungara madagascariensis (LAM), </i>used to treat sickle cell anemia in rats. Aqueous and hydroethanol extracts of recipe composed were first prepared and quantitative phytochemical tests were carried out. Then, the anti-anemic activity of the recipe extracts was assessed. The anemia was induced in animals by intraperitoneal injection of phenylhydrazine at a repeated dose of 40 mg/kg bw for two days. Treatment was carried out with the aqueous and hydroethanol extracts of the plant recipe at doses of 400 and 800 mg/kg bw. The obtained results indicated that recipe composed contains total phenols (43.31±0.92 mg GAE/g and 33.82±0.6 mg GAE /g of dry weight), total flavonoids (17.07±0.89 mg QE and 19.76±1.15 mg QE/g of dry weight) and total tannin (8.65±0.01 mg QE and 26.5±0.95 mg Cat E/g of dry weight) in decocted and hydroethanol extracts respectively. The anemia was effectively corrected after 21 days of oral administration of the extracts to the rats. The extracts significantly increased hemoglobin (P < 0.05), red blood cell count (P < 0.001), and hematocrit (P < 0.01) as early as the 7<sup>th</sup> days of treatment compared with untreated controls. These results show that the plant recipe composed of <i>Xylopia aethiopica, Zanthoxylum leprieurii </i>and<i> Harungara madagascariensis </i>possess antianemic properties.","non-randomized experimental study","Journal of Diseases and Medicinal Plants","","10.11648/j.jdmp.20230902.12","https://consensus.app/papers/antianemic-potential-of-a-herbal-recipe-against-kple-akakpo-akue/61e2dec3a527532f82004e1552746f18/"
"Hematological and Morphological Analysis of the Erythropoietic Regenerative Response in Phenylhydrazine-induced Hemolytic Anemia in Mice","Phenylhydrazine-induced hemolytic anemia in mice shows a coordinated extramedullary tissue response, with anemia recovery depending on time and dose applied.","M. Roqué, Cecilia DÂ´Anna, C. Gatti, T. Veuthey",2014,17,"In this study we developed a mouse model of Phenylhydrazine (PHZ) -induced hemolytic anemia to studyÂ  erythropoietic regenerative response through clinical, pathological, and morphological studies. HemolyticÂ  anemia was induced in female mice (CF1) using PHZ at a wide range of doses (up to 100 mg/Kg) on daysÂ  0 and 2. Hemolytic anemia was observed at 60 mg/kg PHZ on day 4 and was evidenced by decreased HCTÂ  (34.3Â±0.28%), reticulocytosis (51.6Â±2.10%), anisocytosis, poikilocytosis, leukocytosis, and increasedÂ  Heinz body count. A time-course and dose-dependence analysis of the regenerative response was performed.Â  HCT decreased on days 2 and 4 in a dose-dependent manner, returning to basal levels on day 8.Â  PHZ only induced reticulocytosis (day 4) at the highest doses tested (60-100 mg/kg). Heinz body formationÂ  was dose-dependent. These changes were accompanied by splenomegaly and splenic erythroid hyperplasia.Â  Results revealed that the presence of erythroblastic islands was most clear in the spleen, followed by theÂ  liver and kidney. SEM showed Heinz body-containing erythrocytes and spherocyte-like erythrocytes.Â  Anemia recovery results from coordinated action of extramedullary tissues depending on the time postÂ  injection and the dose applied. In conclusion, this mouse model allowed us a better understanding ofÂ  murine erythropoietic regenerative response.Â","non-randomized experimental study","Scandinavian Journal of Laboratory Animal Science","4","10.23675/sjlas.v35i3.149","https://consensus.app/papers/hematological-and-morphological-analysis-of-the-roqu%C3%A9-d%C3%A2%C2%B4anna/3d77b056f08959609667c276f010ff9e/"
"Response of chickens with different hemoglobin genotypes to phenylhydrazine-induced anemia. 2. Hematology.","Phylhydrazine-induced anemia in chickens with different hemoglobin genotypes is similar, indicating that its effects on hematological parameters are similar across different genotypes.","F. Stino, K. Washburn",1970,13,"THE meager reports published on the effect of phenylhydrazine on hematology of animals indicate that it acts as a powerful hemolytic agent resulting in severe anemia. A single injection of phenylhydrazine hydrochloride into 6-week old chicks caused severe anemia (Saxena and Kumar, 1960). A 7-day period elapsed before the hematological parameters returned to normal. A single massive injection of phenylhydrazine hydrochloride in rats was observed to result in a rapid and drastic anemia (Tobiska and Brada, 1965). The objective of this experiment was to report the effects of feeding and injecting phenylhydrazine hydrochloride on the hematological parameters of chickens and to determine if the hematological responses of chickens with mutant hemoglobin types was similar. MATERIALS AND METHODS The source of birds and the experimental design are similar to that of paper one of the series (Stino and Washburn, 1970). The hematological parameters which were measured in the present study included:…","non-randomized experimental study","Poultry science","1","10.3382/ps.0490114","https://consensus.app/papers/response-of-chickens-with-different-hemoglobin-genotypes-stino-washburn/c4d563282bfa56eeb6868761bf62bc6a/"
"The anti-anemic effect of dried beet green in phenylhydrazine treated rats","Feeding 5% dried beet green for 42 days is safe, non-toxic, and reduces anemia in phenylhydrazine-treated rats.","S. Elaby, J. Ali",2018,22,"Phenylhydrazine (PHZ) and its derivatives were used firstly as antipyretics but the toxic action on red blood cells made their use dangerous. The aim of this study was to estimate the contents of iron and vitamins in different parts of beetroot as root and beet green (leave and stalk together) as well as their ethanol extracts. Then, the biochemical evaluation for the highest iron and vitamins contents as an anti-anemic effect against anemic rats caused by phenylhydrazine were studied. Anemia induction caused by intraperitoneal injection of phenylhydrazine at 40 mg/kg for 2 days. Rats were randomly divided into four groups (n=10/group). Group, I fed a standard diet (normal control). Group II fed standard diet contained 5% dried beet green for normal rats. Group III fed a standard diet for anemic rats. Group IV fed a standard diet containing 5% dried beet green for anemic rats. It was assayed the complete blood count (CBC): red blood cell (RBC) count, hemoglobin concentration (Hb) and haematocrit percentage (HCT) as indices measured of anaemia as well as white blood cell (WBC) count at the third day (D3), twenty-one day (D21) and forty-two day (D42). Also, the activity of serum aspartate aminotransferase (AST), alanine aminotransferase (ALT), alkaline phosphatase (ALP), the levels of serum urea, uric acid, creatinine and malondialdehyde (MDA), plasma hydrogen peroxide (H2O2) and total antioxidants capacity (TAC) contents were analyzed according to manufacturer's instructions. The dried beet green is a rich source of iron and vitamins contents. After feeding on standard diet containing 5% dried beet green for anemic rats, showed that levels of RBC, HB and HCT were increased and the WBC count was improved compared to anemic control group. The activity of ALT, AST, and ALP, the levels of serum urea, creatinine and MDA and plasma H2O2 content were significantly ameliorated while the TAC was significantly increased compared to the anemic control group. In addition, the results of the histological examination coincided with the results of blood analysis. We conclude that nutrition of 5% dried beet green for forty-two days is safe, non-toxic and reduces anemia.","rct","Archives of Pharmaceutical Sciences Ain Shams University","","10.21608/aps.2018.18735","https://consensus.app/papers/the-antianemic-effect-of-dried-beet-green-in-elaby-ali/7c4c2189b75d577fbff23ae63b330320/"
"PENINGKATAN KADAR HEMOGLOBIN DENGAN EKSTRAK BIT MERAH (Beta vulgaris L) PADA TIKUS Rattus norvegicus BUNTING ANEMIA","Giving red beet extract to pregnant rats with anemia can significantly increase hemoglobin levels.","Dewita Dewita, N. Prihatin, Jasmiati Jasmiati",2023,2,"Anemia is a major community health problem and is often found in communities and countries, especially in developing countries including Egypt and Saudi Arabia. norvegicus anemia. The study design was a pure experimental design with a pre-posttest control group design on 30 pregnant Rattus norvegicus white rats which were divided into 5 treatment groups randomly. There were 5 treatment groups, namely the negative control group, the positive control group was only induced into 5 treatment groups randomly. There were 5 treatment groups, namely the negative control group, the positive control was only induced, treatment I was induced by phenylhydrazine, treatment I was induced by phenylhydrazine with a dose of 0.04 mg/kg/BW + Red beet extract 150 mg/KgBW, treatment II was induced by phenylhydrazine. with a dose of 0.04 mg/kg/BW + red beet extract 300 mg/KgBW and treatment III was induced by phenylhydrazine at a dose of 0.04 mg/kg/BW + red beet extract was given 450 mg/KgBW. Samples were selected according to inclusion criteria, namely pregnant female white rats, female, 2-3 months old, body weight 120-200 grams, healthy and not anatomically deformed. Analysis of the data used is one-way ANOVA. there was a significant difference between data on hemoglobin levels of pregnant rats before and after treatment in the negative control group, treatment I and treatment II with p value <0.05. Giving red beet extract to pregnant rats with anemia can increase hemoglobin levels.","rct","Jurnal Ilmiah Kebidanan Imelda","","10.52943/jikebi.v9i1.1182","https://consensus.app/papers/peningkatan-kadar-hemoglobin-dengan-ekstrak-bit-merah-dewita-prihatin/42a2a0a6a07053aa84f0ae133bb8bbfd/"
"Inhibition of Phenylhydrazine-induced Hematotoxicity by Bioconverted Ginsenosides","Bioconverted ginsenosides can prolong erythrocyte life span and increase erythrocyte count, making them a promising drug candidate for treating phenylhydrazine-induced anemia.","Yuseong Chung, Kang min Kim, J. Kang",2023,0,"Aim: To identify the inhibition of Phenylhydrazine (PHZ)-induced hepatotoxicity and anemia by bioconverted ginsenosides. Materials and Methods: We examined the potential benefits of bioconverted ginsenosides on anemia in a phenylhydrazine-induced rat model and described the prolonging effect of erythrocyte life span by focusing on compound K that was confirmed through ex vivo experiments. Results: Hematological analysis demonstrated that all groups treated with bioconverted ginsenosides showed significant recovery results. In the ex vivo experiments, compound K was treated in stored blood, and the erythrocytes half-life was 45 days, 15 days longer than when not treated in blood. In the ICP-OES assay, PHZ-induced erythrocyte hemolysis was significantly inhibited by bioconverted ginsenosides. Conclusion: Based on the present results, it has been demonstrated that bioconverted ginsenoside aids in prolonging the erythrocyte life span and increasing erythrocyte count in vivo. Thus, this material has the potential to develop as a promising drug candidate in the future.","non-randomized experimental study","Indian Journal of Pharmaceutical Education and Research","3","10.5530/ijper.57.4.136","https://consensus.app/papers/inhibition-of-phenylhydrazineinduced-hematotoxicity-by-chung-kim/719ae5f418475f43b477dcc03a9c3295/"
"Anti-Anaemic Effect of Cnidoscolus chayamansa (Mc Vaugh) Leaf Extract on Phenyl Hydrazine-Treated Rats","Cnidoscolus chayamansa leaf extract effectively reduces anaemia in albino rats, potentially due to its rich phytochemicals and nutrients.","R. J. Kutshik, M. K. Jiyil, C. E. Mafuyai, L. L. Ichor",2020,1,"Background: Anaemia is one of the world's threatening disease conditions of blood disorder that leads to the decrease in red blood cells which affects people of all ages. Aim of the Study: This study aimed to evaluate the effects of Cnidoscolus chayamansa leaf extract on phenylhydrazine hydrochloride induced anaemia in albino rats. Study Duration: This study was conducted on 30th June 2019 at the Department of Biochemistry, Faculty of Basic Medical Sciences, University of Jos, Nigeria. Methodology: A total of 16 rats were split into four groups. Group A the baseline for negative control, group B positive control, group C pre-treatment and group D post-treatment. Induction was done by intraperitoneal with phenylhydrazine at a dose of 40 mg/kg. Blood was taken for each 2 days interval for PCV, RBC, WBC and Hb. Preliminary phytochemical screening was investigated by standard procedures. Results: The results show a significant (P<0.05) increase in serum PCV, RBC, WBC and Hb concentration when compared with the untreated group. Decrease in serum alanine aminotransferase (15.46±4.443 & 7.80±0.429), aspartate aminotransferase (20.89±1.095 & Original Research Article Kutshik et al.; JABB, 23(11): 23-32, 2020; Article no.JABB.64038 24 11.66±0.898), total bilirubin (13.70±0.351 & 10.45±0.620), direct bilirubin (7.49±0.659 & 3.76±0.042) and alkaline phosphatase (254.25±2.287 & 192.00±1.474) and a significant (P<0.05) increase in serum protein and albumin when compared with untreated group. Iron binding shows a significantly (P<0.05) increase (153.49±0.530 & 166.09±1.334) and (85.16±0.824 &98.43±0.562) while there was a significant (p<0.05) decrease in serum Urea (2.39±0.027&4.70±0.047), Creatinine (68.38±0.404&75.01±0.891), and Uric acid (234.92±2.761&246.52±1.136) when compared with the baselines. Conclusion: The positive effect of the vegetable may be attributed to its rich phytochemicals, nutrients which supports the use of the leaves for food and ethnomedicinal purposes in many parts of Nigeria.","rct","Journal of Advances in Biology & Biotechnology","","10.9734/jabb/2020/v23i1130189","https://consensus.app/papers/antianaemic-effect-of-cnidoscolus-chayamansa-mc-vaugh-kutshik-jiyil/d81ac5fed02352dfb75d4cf857a55e00/"
"COMPARISON BETWEEN FLOW CYTOMETERIC METHOD AND OTHER METHODS FORRETICULOCYTE COUNT IN DIAGNOSIS OF PHENYLHYDRAZINE-INDUCED HEMOLYTIC ANEMIA","Flow cytometry is a more precise, fast, and reliable method for reticulocyte counts in diagnosing phenylhydrazine-induced hemolytic anemia compared to traditional and optimized manual methods.","Rania Baker, Fatma A. Gad, K. Fararh",2021,1,"Reticulocyte count is the salient evidence of the effectiveness of bone marrow to produce red blood cells. Currently, the reticulocyte counting is a challenge for clinical laboratoriesmainly for the ordinary ones, which still use the manual method.This study was designed to evaluate the performance of flow cytometer for reticulocytes counting comparing to traditional and optimized manual methods which helpful in diagnosis of phenylhydazine-induced anemia.For that 45 male white Albino rats were divided into 5 groups, control group,phenylhydrazine group (PHZ) which injected by phz(20 mg/kg b.w, I/P),quercetin+phz group (quercetin, 50 mg/kgb.w per os), silymarin+phz group (silymarin, 100 mg/kgb.w per os) and quercetin group. Whole blood samples of these groups were collected at day 3, 5 and 10 after 1st injection of phz which used for reticulocyte counts by flow cytometeric method and other manual methods in addition to measurement ofCBC and osmotic fragility. Analysis of the results showed that phenylhydrazine injection induced hemolytic anemia with significant reticulocytosis and using of flow cytometer in reticulocyte count more precise, easy and fast than traditional and optimized manual methods. Furthermore, degree of hemolysis was significantly increases in phz group comparing to other groups. Therefore, we concluded that flow cytometric method for reticulocyte counts was simple, fast and highly reliable comparable to traditional and optimized manual methods. Also optimized manual showed that more perfect than traditional manual method and nearly to accuracy of flow cytometeric method.","rct","International Journal of Advanced Research","","10.21474/ijar01/12537","https://consensus.app/papers/comparison-between-flow-cytometeric-method-and-other-baker-gad/a0f4997961d75881af499bdfaf082e08/"
"Continuous blood exchange in rats as a novel approach for experimental investigation","Continuous whole blood exchange in rats effectively treats drug-induced hemolytic anemia and offers a valuable tool for investigating blood exchange mechanisms and drug delivery exploration.","Siya Pei, Yanjie Wang, Zhimin Zhang, Cheng Mei, Wenyu Yin, Xiangjie Fu, Danyang Yan, Yuanyuan Zhu, Tianli Lin, Yiran Zhou, Ning Li",2024,2,"Blood exchange therapy, specifically Whole blood exchange (WBE), is increasingly being utilized in clinical settings to effectively treat a range of diseases. Consequently, there is an urgent requirement to establish convenient and clinically applicable animal models that can facilitate the exploration of blood exchange therapy mechanisms. Our study conducted continuous WBE in rats through femoral and tail vein catheterization using dual-directional syringe pumps. To demonstrate the applicability of continuous WBE, drug-induced hemolytic anemia (DIHA) was induced through phenylhydrazine hydrochloride (PHZ) injection. Notability, the rats of DIHA + WBE group all survived and recovered within the subsequent period. After the implementation of continuous WBE therapy day (Day 1), the DIHA + WBE group exhibited a statistically significant increase in red blood cells (RBC) (P = 0.0343) and hemoglobin (HGB) levels (P = 0.0090) compared to DIHA group. The rats in the DIHA + WBE group exhibited a faster recovery rate compared to the DIHA group, indicating the successful establishment of a continuous blood exchange protocol. This experimental approach demonstrates not just promising efficacy in the treatment of DIHA and offers a valuable tool for investigating the underlying mechanisms of blood exchange. Furthermore, it has a great potential to the advancement of biomedical research such as drug delivery exploration.

© 2024. The Author(s).","non-randomized experimental study","Scientific Reports","1","10.1038/s41598-024-63049-0","https://consensus.app/papers/continuous-blood-exchange-in-rats-as-a-novel-approach-for-pei-wang/af4e08072f465cf98b3562809b013de4/"
"Effect of a Combination of Ethanol Extract of Ficus capensis and Cnidoscolus aconitifolius on Liver and Kidney Function Parameters of Phenylhydrazine-Induced Anemic Rats","A combination of ethanol leaf extract of Ficus capensis and Cnidoscolus aconitifolius is safe and effective in treating and managing anemia in phenylhydrazine-induced anemic rats.","O. C. Ezeigwe, C. Okpala, U. Ogbodo, O. Ngwu, C. Chigbo",2020,1,"Background: Anemia is a condition in which there is a reduced number of red blood cells or haemoglobin and iron concentration in the body thereby leading to a decreased capacity of the blood to carry oxygen to the body tissues. Objectives: The study was designed to investigate the effect of a combination of ethanol extract of Ficus capensis and Cnidoscolus aconitifolius in phenylhydrazine-induced anemic rats. Methods: The animals were divided into five groups of five rats each. Group A served as normal Original Research Article Ezeigwe et al.; AJRB, 6(2): 1-6, 2020; Article no.AJRB.54701 2 control, Group B as anemic control, group C as standard drug control, groups D and E were treated with 200 mg/kg and 400 mg/kg of combined ethanol leaf extract of F. capensis and C. aconitifolius respectively. Phenylhydrazine was administered intraperitoneally at a dose of 20 mg/kg b.w. for two days to induce anemia in rats. The administration of the extract lasted for 14 days after which the animals were sacrificed and blood obtained through cardiac puncture for kidney and liver biomarkers analyses. Results: Aspartate aminotransferase, Alanine aminotransferase, Alkaline phosphatase, Total bilirubin, Direct bilirubin and Kidney function parameters assayed in the anemic untreated group showed significant increases (p<0.05) compared to the normal rats which may be attributed to toxicity induced by phenylhydrazine. The groups treated with the ethanol extract at a dose of 200 and 400 mg/kg body weight revealed a significant (p<0.05) decrease in the liver function parameters compared to the anemic untreated group. The creatinine and urea levels of the anemic untreated group increased more than the that of the test groups although the increase was not statistically significant. Conclusion: This study suggests that combined ethanol leaf extract of F. capensis and C. aconitifolius is safe and can be effective in the treatment and management of anemia.","rct","","","10.9734/ajrb/2020/v6i230111","https://consensus.app/papers/effect-of-a-combination-of-ethanol-extract-of-ficus-ezeigwe-okpala/18af77a8e1435355bab4a5cdfa4ef3d8/"
"Ferrous Sulfate Reduces the Phenylhydrazine Induced Negative Correlation between Aldosterone Concentration and Creatinine Clearance (GFR) in Wistar Rats","Phenylhydrazine intoxication reduces creatinine clearance and increases aldosterone levels, causing a negative correlation between aldosterone and creatinine clearance in Wistar rats.","F. Beshel, Justina Nwangwa Nwandinma, J. Beshel, Honesty Eyoanwan Juko",2024,0,"The aim of this study is to find out the effect of phenylhydrazine on creatinine clearance, hence GFR and the relationship between GFR and aldosterone. Sixteen 16 male Wistar rats weighing 200 – 250 grams were randomly divided into four groups namely: Group 1 – Normal control Group 2 - Hematinic group (Fes): fed normal rat chow + tap water + ferrous sulphate (using an oral gavage at 75mg/kg bw); Group 3 - Anemic -treated group (AFes): administered Phenylhydrazine (PHZ) intraperitoneally for two consecutive days to induce anemia at a dose of 40mg/kg bw + normal rat chow + tap water + ferrous sulphate at 75mg/kg bw. Group 4 (Anu) – Anemic control group: administered Phenlyhydrazine (PHZ) intraperitoneally at a dose of 40mg/kg of bw + normal rat chow + tap water (as in group one). After 15 days, blood and urine samples were collected into sterile sample bottles for analysis. There was a significant (P<0.01, P<0.01, P<0.05) increase in aldosterone levels between Anu, control, Fes and AFes respectively. There was a significant (P<0.001) decrease in control compared with Anu. There was also a significant (P<0.01, P<0.001) decrease in Fes with AFes and Anu. Anu creatinine clearance was also significantly (P<0.001) lower than AFes. Phenylhydrazine intoxication led to a reduction in creatinine clearance and an increase in aldosterone levels, confirming a negative correlation (r= 0.9956, P<0.01) between aldosterone and creatinine clearance. Also, ferrous sulphate tends to reduce the extent to which aldosterone levels increased hence narrowing the margine and or reducing the significance of the correlation.","rct","Scholars International Journal of Anatomy and Physiology","","10.36348/sijap.2024.v07i06.001","https://consensus.app/papers/ferrous-sulfate-reduces-the-phenylhydrazine-induced-beshel-nwandinma/f2d28fb35c8e5e8b827a7329970d4e05/"
"Increased Levels of Renal Inflammatory Cytokines (IL-1β and IL-6) Affect ADH Concentration in Wistar Rats Fed Oxidised Palm Oil Diets","Phenylhydrazine intoxication reduces creatinine clearance and increases aldosterone levels, confirming a negative correlation between aldosterone and creatinine clearance.","F. Beshel, Justina Nwangwa Nwandinma, J. Beshel, Happy Ikhajiangbe Inegbenose, Eranye Adzangwu Agbogo",2024,1,"The aim of this study is to find out the effect of phenylhydrazine on creatinine clearance, hence GFR and the relationship between GFR and aldosterone. Sixteen 16 male Wistar rats weighing 200 – 250 grams were randomly divided into four groups namely: Group 1 – Normal control Group 2 - Hematinic group (Fes): fed normal rat chow + tap water + ferrous sulphate (using an oral gavage at 75mg/kg bw); Group 3 - Anemic -treated group (AFes): administered Phenylhydrazine (PHZ) intraperitoneally for two consecutive days to induce anemia at a dose of 40mg/kg bw + normal rat chow + tap water + ferrous sulphate at 75mg/kg bw. Group 4 (Anu) – Anemic control group: administered Phenlyhydrazine (PHZ) intraperitoneally at a dose of 40mg/kg of bw + normal rat chow + tap water (as in group one). After 15 days, blood and urine samples were collected into sterile sample bottles for analysis. There was a significant (P<0.01, P<0.01, P<0.05) increase in aldosterone levels between Anu, control, Fes and AFes respectively. There was a significant (P<0.001) decrease in control compared with Anu. There was also a significant (P<0.01, P<0.001) decrease in Fes with AFes and Anu. Anu creatinine clearance was also significantly (P<0.001) lower than AFes. Phenylhydrazine intoxication led to a reduction in creatinine clearance and an increase in aldosterone levels, confirming a negative correlation (r= 0.9956, P<0.01) between aldosterone and creatinine clearance. Also, ferrous sulphate tends to reduce the extent to which aldosterone levels increased hence narrowing the margine and or reducing the significance of the correlation.","rct","Scholars International Journal of Anatomy and Physiology","","10.36348/sijap.2024.v07i06.003","https://consensus.app/papers/increased-levels-of-renal-inflammatory-cytokines-il1%CE%B2-and-beshel-nwandinma/5a44ca8f442851d39526e44d588c7513/"
